cell	base_ns	after1_pct	after2_pct	ctrl1_pct	ctrl2_pct
cdef::filter_u8_04x04	137507.3	-2.44	-2.20	+3.70	-2.55
cdef::filter_u8_08x08	94417.4	-1.41	-1.52	+2.30	-1.73
cdef::find_dir_08x08	48910.4	-2.19	-1.97	+0.29	-2.71
dist::highbd_sse_04x04	40134.9	+4.57	+0.63	+1.73	-0.47
dist::highbd_sse_08x08	28520.8	+10.82	+2.59	+2.75	-0.66
dist::highbd_sse_16x16	26145.0	+17.21	+7.32	+3.47	+0.48
dist::highbd_sse_32x32	19099.6	+7.93	+1.35	+2.98	+0.48
dist::highbd_sse_64x64	11335.6	+11.71	+0.78	+3.63	+0.06
dist::sad_04x04	40069.2	+7.62	+0.36	+2.62	+0.66
dist::sad_08x08	28553.7	+14.86	+2.78	+3.54	+1.44
dist::sad_16x16	26724.0	+18.67	+3.99	+1.99	+0.86
dist::sad_32x32	23929.9	+11.64	+3.27	+2.24	+1.24
dist::sad_64x64	14821.1	+29.32	+1.29	+2.11	+0.03
dist::sse_04x04	40168.1	+4.56	-0.46	+2.02	-0.51
dist::sse_08x08	28652.7	+7.28	+1.24	+4.93	+2.83
dist::sse_16x16	25650.6	+7.66	+0.17	+7.86	+4.80
dist::sse_32x32	25288.0	+4.65	-2.45	+5.48	+0.57
dist::sse_64x64	15069.4	+6.01	-1.33	+4.56	-0.38
fwd_txfm::04x04_adst	260093.0	+2.67	+2.04	+0.88	+0.38
fwd_txfm::04x04_dct	246139.8	+2.77	+3.12	+0.64	+0.07
fwd_txfm::04x16_adst	218787.5	+1.19	+0.56	-0.23	-0.43
fwd_txfm::04x16_dct	195964.5	-2.03	-2.54	-2.81	-3.74
fwd_txfm::08x08_adst	170350.5	+1.34	+0.58	+0.04	-0.43
fwd_txfm::08x08_dct	156090.9	+1.80	+1.06	-0.05	-0.05
fwd_txfm::16x08_adst	127813.5	+3.19	+2.00	-0.02	-0.04
fwd_txfm::16x08_dct	111427.5	+3.20	+2.31	+0.15	-0.33
fwd_txfm::16x16_adst	107772.0	+2.15	+1.38	-0.24	+0.02
fwd_txfm::16x16_dct	90860.6	+2.28	+1.20	-0.26	-0.24
fwd_txfm::32x08_dct	95693.5	+1.76	+1.26	-0.41	-0.63
fwd_txfm::32x32_dct	92028.9	+1.46	+0.52	-0.24	-0.06
fwd_txfm::64x64_dct	119819.9	+0.65	+0.72	-0.30	-0.26
intra::h_04x04	33405.4	+1.50	+1.42	+4.78	+0.54
intra::h_16x16	22935.1	+0.68	+2.14	+5.05	+0.44
intra::h_32x32	11619.9	-0.42	+3.19	+5.27	+2.50
intra::paeth_04x04	81101.4	+2.56	+1.87	+9.69	+1.32
intra::paeth_16x16	67422.1	+3.52	+2.35	+10.81	+2.13
intra::paeth_32x32	36908.6	+2.26	+2.21	+7.83	+1.20
intra::smooth_04x04	58300.1	+0.14	+1.15	+9.17	+1.00
intra::smooth_16x16	27740.2	-0.15	+1.64	+6.55	+0.76
intra::smooth_32x32	15001.1	+0.17	+1.63	+6.97	+0.58
intra::smooth_v_04x04	51952.3	+1.44	+2.05	+5.72	+0.25
intra::smooth_v_16x16	33229.7	+0.66	+2.59	+9.18	+1.05
intra::smooth_v_32x32	22473.2	+0.03	+0.53	+5.57	+0.11
intra::v_04x04	53180.5	-4.19	-3.62	+5.45	+0.53
intra::v_16x16	27087.9	+1.97	+3.82	+16.52	+0.83
intra::v_32x32	17467.3	+2.32	+3.51	+15.65	+0.37
inv_txfm_hbd10::04x04	388248.2	+0.13	+5.28	-1.02	-1.04
inv_txfm_hbd10::04x16	194084.8	+0.44	+3.14	-1.41	-1.45
inv_txfm_hbd10::08x08	137155.4	+1.13	+4.05	-0.91	-0.91
inv_txfm_hbd10::16x08	121558.5	+0.83	+4.48	-1.43	-1.35
inv_txfm_hbd10::16x16	109211.4	+0.83	+4.12	-0.81	-0.94
inv_txfm_hbd10::32x08	121306.0	+3.09	+7.31	-1.16	-0.98
inv_txfm_hbd10::32x32	125914.3	+0.79	+3.63	-1.12	-1.48
inv_txfm_hbd10::64x64	148031.1	+0.51	+4.32	-1.30	-1.66
inv_txfm_u8::04x04_adst	327652.2	+0.33	+2.35	+1.69	+4.11
inv_txfm_u8::04x04_dct	357815.3	+2.80	+5.00	+1.95	+5.01
inv_txfm_u8::04x16_adst	217985.2	+1.58	+3.06	+0.57	+2.31
inv_txfm_u8::04x16_dct	190509.0	-6.44	-3.65	+0.20	+2.69
inv_txfm_u8::08x08_adst	144949.1	+3.14	+5.52	+0.30	+3.38
inv_txfm_u8::08x08_dct	135264.6	+3.16	+5.25	+0.45	+3.11
inv_txfm_u8::16x08_adst	129841.5	+2.55	+2.74	+0.55	+1.98
inv_txfm_u8::16x08_dct	120505.8	-25.85	-25.26	+0.78	+2.15
inv_txfm_u8::16x16_adst	121210.1	+1.72	+4.47	+0.37	+2.33
inv_txfm_u8::16x16_dct	110398.6	-47.10	-44.69	+0.31	+2.50
inv_txfm_u8::32x08_dct	121186.2	-23.43	-21.49	+0.99	+2.55
inv_txfm_u8::32x32_dct	126826.9	-51.25	-49.75	-0.08	+2.45
inv_txfm_u8::64x64_dct	148429.4	-45.80	-45.43	-0.06	+1.94
loopfilter::h_w04	64241.4	+0.23	+3.72	+1.00	-0.11
loopfilter::h_w08	34794.0	+1.05	+5.55	+1.47	-0.21
loopfilter::h_w14	33231.2	+1.16	+3.73	+1.61	+0.07
loopfilter::v_w04	36611.6	+0.39	+5.27	+0.05	-1.02
loopfilter::v_w08	35395.0	+0.76	+6.95	+1.09	+0.46
loopfilter::v_w14	39122.2	+0.30	+4.17	+0.77	-0.34
quant::fp_04x04	97316.9	+0.24	+1.96	+9.03	+0.08
quant::fp_08x08	91961.7	+0.40	+0.80	+8.17	-0.01
quant::fp_16x16	94919.9	+0.36	+1.58	+9.09	+0.09
quant::fp_32x32	93711.4	+0.21	+2.43	+10.01	+0.31
