arm	round	position	median_ns	samples_ns	bytes
base	1	1	143799834	141727417,142915584,143645417,143799834,144172333,145317000,145718667	4472
baseB	1	2	144682542	142880583,142946625,144058750,144682542,145063250,145252042,145869167	4472
all	1	3	143070625	141616083,142277500,142490583,143070625,143091375,143286541,144231292	4472
allB	1	4	142052333	141588042,141600791,142002791,142052333,142665000,142714416,143523084	4472
libaom-c	1	5	44445000	43520000,43978000,44435000,44445000,44466000,44517000,45104000	4472
baseB	2	1	144475875	143546458,144159875,144474000,144475875,144634125,145416833,145596917	4472
all	2	2	144079292	143024250,143491667,143498750,144079292,144311958,144540666,145114167	4472
allB	2	3	144020792	142951250,143126459,143337292,144020792,144336916,144668167,146652500	4472
libaom-c	2	4	45342000	44477000,44693000,44758000,45342000,45578000,45750000,46282000	4472
base	2	5	143494959	143098833,143339042,143409417,143494959,144183791,144501791,145158417	4472
all	3	1	142990208	142091417,142465458,142826917,142990208,143055584,143116541,143287958	4472
allB	3	2	143272250	142257208,142323041,142632583,143272250,143280500,143568916,143699250	4472
libaom-c	3	3	44633000	43713000,44175000,44181000,44633000,44757000,44810000,44978000	4472
base	3	4	144194916	143842833,143844667,143960500,144194916,144307250,144417000,144502750	4472
baseB	3	5	145100667	144065458,144551000,144980959,145100667,145143667,145737542,146386000	4472
allB	4	1	144258250	142884417,143419125,143452459,144258250,144264750,145115458,145507125	4472
libaom-c	4	2	44986000	44176000,44761000,44950000,44986000,45101000,45375000,45491000	4472
base	4	3	146199500	144071750,144691750,145830709,146199500,146237583,147577916,147983959	4472
baseB	4	4	145610541	145015792,145403209,145492792,145610541,145623333,145996833,146053583	4472
all	4	5	143515459	142319500,142463666,143265584,143515459,143715292,143754750,143832417	4472
libaom-c	5	1	44925000	43813000,44488000,44787000,44925000,44938000,45009000,45176000	4472
base	5	2	144747959	143925542,144133167,144741666,144747959,144889125,145091333,145366500	4472
baseB	5	3	144742958	144054958,144466791,144619917,144742958,144894208,144992334,145529959	4472
all	5	4	143796250	142954500,143381000,143524250,143796250,144033083,144098584,144587709	4472
allB	5	5	144337541	143656209,143787666,143949208,144337541,144418833,144748167,145078250	4472
base	6	1	146195750	145134167,145209041,145529709,146195750,146466500,146472417,148489333	4472
baseB	6	2	145106834	144719541,144765833,144836375,145106834,146261250,146332666,146712375	4472
all	6	3	144807042	144315291,144472458,144520208,144807042,144985542,145100083,145370459	4472
allB	6	4	143550917	143000125,143144209,143351042,143550917,143554500,143818500,143951375	4472
libaom-c	6	5	44835000	43968000,44621000,44633000,44835000,44944000,45003000,45440000	4472
baseB	7	1	145194167	144192750,144496417,144662834,145194167,145466292,145599459,146082625	4472
all	7	2	145125000	143379458,144315083,144496125,145125000,145369292,145450291,146925333	4472
allB	7	3	144329750	143137250,143721541,144113041,144329750,144425083,144645542,144727583	4472
libaom-c	7	4	44749000	44458000,44526000,44592000,44749000,44875000,45143000,45574000	4472
base	7	5	145873792	145524667,145611625,145731209,145873792,146217667,146595875,146998000	4472
all	8	1	145701541	144879459,145412917,145584833,145701541,145784500,145827583,146041083	4472
allB	8	2	144763958	144287208,144570709,144659125,144763958,144797166,145350250,145833000	4472
libaom-c	8	3	45315000	44957000,45074000,45301000,45315000,45414000,45503000,45539000	4472
base	8	4	146421708	144016208,144710792,146315042,146421708,146738916,147185583,147464208	4472
baseB	8	5	144869416	144513917,144582959,144733542,144869416,145282292,145646375,145777250	4472
allB	9	1	144167250	143629750,143881667,144166125,144167250,144474333,145031792,145154708	4472
libaom-c	9	2	45171000	44466000,44814000,44907000,45171000,45342000,45385000,45513000	4472
base	9	3	145299459	144236833,144830000,144867875,145299459,146023417,146041666,146082709	4472
baseB	9	4	145731500	144508708,145198458,145708625,145731500,145831208,145928417,146259750	4472
all	9	5	145722583	144595041,145525291,145552375,145722583,146524708,146672042,146849791	4472
libaom-c	10	1	45321000	45132000,45209000,45220000,45321000,45394000,45424000,45495000	4472
base	10	2	146688291	145866333,146110000,146336125,146688291,147177458,147209458,147598083	4472
baseB	10	3	147642417	146928125,147473167,147512625,147642417,147934416,148254041,149360500	4472
all	10	4	145581792	143619667,144014958,144957750,145581792,146339458,146457667,151095541	4472
allB	10	5	144497791	143381667,143965625,144415333,144497791,144501625,144583125,144687708	4472
base	11	1	145767584	145044625,145375792,145450916,145767584,146210792,146258292,146688625	4472
baseB	11	2	146178083	145084083,145436625,145671292,146178083,146186958,146239042,146721500	4472
all	11	3	144795333	144137750,144382792,144740125,144795333,145964500,146053292,146234042	4472
allB	11	4	145035750	144605250,144709041,144881292,145035750,146147125,146522166,146749000	4472
libaom-c	11	5	45468000	44909000,44971000,45322000,45468000,45517000,45848000,45887000	4472
baseB	12	1	147114458	145416875,145865041,146500584,147114458,147322083,147394333,147634750	4472
all	12	2	145593875	145552291,145583292,145585250,145593875,145949208,146057250,146193667	4472
allB	12	3	145678625	143982541,144307042,144902416,145678625,145881708,145895125,146099334	4472
libaom-c	12	4	45092000	44769000,44875000,45021000,45092000,45190000,45269000,45312000	4472
base	12	5	146592917	144965667,146181250,146586084,146592917,146917958,147447375,148377250	4472
all	13	1	145843833	144649625,145377833,145559458,145843833,146100458,147089750,148274417	4472
allB	13	2	145262833	144742875,144830458,145151166,145262833,145688625,146398375,146634666	4472
libaom-c	13	3	44867000	44185000,44703000,44810000,44867000,45323000,45408000,45709000	4472
base	13	4	146312916	145381875,145613333,145726750,146312916,146426292,146502792,146564583	4472
baseB	13	5	146724833	146618083,146642333,146688875,146724833,146785333,146859000,147397750	4472
allB	14	1	146092208	145536042,145715791,145984458,146092208,146575375,146600292,146696792	4472
libaom-c	14	2	45735000	44534000,45253000,45523000,45735000,45806000,46148000,46149000	4472
base	14	3	146921041	146495333,146497541,146538084,146921041,146985792,147060375,147589375	4472
baseB	14	4	146175375	144424500,145525042,145688208,146175375,146375709,146409625,146708875	4472
all	14	5	145168333	144328875,144792250,144827083,145168333,145407791,145766375,146378833	4472
libaom-c	15	1	45707000	45012000,45567000,45584000,45707000,45717000,45744000,45854000	4472
base	15	2	146890042	146288125,146311666,146742292,146890042,147242958,147266833,147596583	4472
baseB	15	3	146496083	145575084,146060416,146476417,146496083,146708875,146921458,147026916	4472
all	15	4	146148042	144953333,146041417,146116750,146148042,146487416,146880500,147469000	4472
allB	15	5	145711542	144421291,145096208,145428459,145711542,146631667,146954959,147242208	4472
base	16	1	147096542	146057375,146707583,146765208,147096542,147435125,147657209,148328542	4472
baseB	16	2	147142041	146535583,146775375,147105167,147142041,147228542,147416667,147813791	4472
all	16	3	145382458	144902959,145221333,145337667,145382458,145562167,145751042,146064292	4472
allB	16	4	145245416	144257458,144652708,145024917,145245416,145278625,145615208,145885500	4472
libaom-c	16	5	45347000	44728000,44878000,45209000,45347000,45388000,45597000,45830000	4472
baseB	17	1	146422625	145462417,146073625,146345334,146422625,146566875,146797667,147401416	4472
all	17	2	145786750	145087541,145653583,145674958,145786750,146070084,146229833,146428541	4472
allB	17	3	146703625	145363916,146281959,146407167,146703625,146780583,147432000,148262417	4472
libaom-c	17	4	45661000	44996000,45382000,45570000,45661000,45849000,45951000,46126000	4472
base	17	5	147197167	146543208,146870958,147053625,147197167,147213334,147486041,147845542	4472
all	18	1	146757500	145972125,146221667,146495083,146757500,146980625,147031750,147642875	4472
allB	18	2	146560125	146017459,146200791,146355792,146560125,146585875,146646208,148533750	4472
libaom-c	18	3	45415000	44498000,45247000,45313000,45415000,45500000,45513000,45701000	4472
base	18	4	146852083	145451292,145971584,146568500,146852083,146892958,147090667,148461500	4472
baseB	18	5	146991375	146022625,146580042,146674125,146991375,147269750,147269875,147300375	4472
allB	19	1	145725375	145245959,145313958,145682709,145725375,145868500,145954625,146433000	4472
libaom-c	19	2	45479000	44503000,44626000,45401000,45479000,45662000,45968000,46183000	4472
base	19	3	146729166	146117541,146435292,146586417,146729166,147050000,147165375,147204417	4472
baseB	19	4	148170958	147137083,147469667,147711708,148170958,148394958,148414541,148933000	4472
all	19	5	147313375	146445625,146763500,146811458,147313375,147441917,147677875,149926208	4472
libaom-c	20	1	45568000	44884000,45361000,45487000,45568000,45796000,45852000,46363000	4472
base	20	2	147594459	146690500,146929583,147029334,147594459,147750250,148090625,148104333	4472
baseB	20	3	147056042	145732625,145887542,146230500,147056042,147344167,147945708,148160209	4472
all	20	4	145535333	145261625,145286459,145478417,145535333,145815791,146626666,147542458	4472
allB	20	5	145555667	144913166,145279459,145314125,145555667,146276208,146278166,147116375	4472
base	21	1	147403333	146572542,146749792,147170917,147403333,147667334,147959250,148926250	4472
baseB	21	2	147643792	146488416,147358041,147590500,147643792,147779875,148372209,149503042	4472
all	21	3	146608500	145766167,146193000,146306541,146608500,147036000,147262167,147548875	4472
allB	21	4	148038292	147351333,147716125,148006917,148038292,148045417,148392834,148579583	4472
libaom-c	21	5	45982000	45615000,45770000,45974000,45982000,46024000,46247000,46374000	4472
baseB	22	1	147695583	147101917,147379458,147613167,147695583,147715083,148146375,148268333	4472
all	22	2	146016791	144885583,145564333,145648459,146016791,147193792,147935291,147996375	4472
allB	22	3	146247834	145604542,145880750,145893792,146247834,146506250,146565291,147393000	4472
libaom-c	22	4	45706000	45082000,45366000,45653000,45706000,45837000,46047000,46521000	4472
base	22	5	147131292	146564375,146807417,146965708,147131292,147268333,147496834,148231334	4472
all	23	1	146396334	144911542,145184167,145684000,146396334,146668834,147048750,147441250	4472
allB	23	2	146961042	146068667,146299250,146412625,146961042,146988167,147135541,147157375	4472
libaom-c	23	3	46128000	45161000,45847000,45922000,46128000,46200000,46257000,46486000	4472
base	23	4	148103000	147291500,147823000,147925333,148103000,148156875,148294792,148990458	4472
baseB	23	5	147818542	147465875,147579084,147772875,147818542,147958833,147981125,148198917	4472
allB	24	1	146590250	146347583,146503292,146555208,146590250,147341625,147871917,148593666	4472
libaom-c	24	2	46084000	44729000,45977000,46033000,46084000,46253000,46415000,46956000	4472
base	24	3	147455167	146028042,147189958,147261208,147455167,147553375,147664041,147851208	4472
baseB	24	4	148091375	146819000,147550125,147615334,148091375,148106625,148313500,149467042	4472
all	24	5	146663166	145599250,146095792,146377583,146663166,146664334,146856500,147049333	4472
libaom-c	25	1	45634000	45169000,45526000,45601000,45634000,45812000,45986000,46040000	4472
base	25	2	148081042	146797125,146807750,147862292,148081042,148513500,148758041,149244041	4472
baseB	25	3	147740916	147003292,147349167,147547667,147740916,148008292,148009125,148622500	4472
all	25	4	147038708	146049125,146424166,146941750,147038708,147092541,147398208,147830750	4472
allB	25	5	146530125	146154916,146184167,146331625,146530125,146691667,146986292,147030500	4472
base	26	1	147934042	146130625,147640958,147864917,147934042,148349791,148562291,148596833	4472
baseB	26	2	147600250	146376916,146670000,146734458,147600250,147775750,148243375,148473916	4472
all	26	3	147388250	146752042,147073667,147122084,147388250,147779875,149190417,149902667	4472
allB	26	4	147048959	145472458,145956958,147018000,147048959,147526417,147632917,147727500	4472
libaom-c	26	5	45842000	45076000,45270000,45659000,45842000,46004000,46101000,46294000	4472
baseB	27	1	147018000	146749750,146824292,146840041,147018000,147931958,148481166,149103750	4472
all	27	2	147571417	146998708,147101583,147527167,147571417,148038750,148994083,149526291	4472
allB	27	3	147709250	147250000,147313916,147389083,147709250,148495167,148723459,150172084	4472
libaom-c	27	4	46595000	46130000,46215000,46388000,46595000,46620000,46743000,46940000	4472
base	27	5	147959083	147057708,147073916,147702791,147959083,148100458,148563542,148839916	4472
all	28	1	146660500	145708375,145833167,146420500,146660500,147744833,148970625,149222416	4472
allB	28	2	147376750	146564250,146681292,146745042,147376750,147632292,147752917,148876584	4472
libaom-c	28	3	46522000	45521000,46060000,46463000,46522000,46544000,47074000,47256000	4472
base	28	4	148220583	147425916,148105083,148132208,148220583,148251500,148371167,148561541	4472
baseB	28	5	147566333	146629916,147129333,147327250,147566333,148203791,148409833,148549375	4472
allB	29	1	147479458	146030459,146506958,147217167,147479458,147728666,147736958,148080791	4472
libaom-c	29	2	46474000	46254000,46369000,46428000,46474000,46634000,46927000,47356000	4472
base	29	3	149426292	147902750,148461625,149025125,149426292,149632917,149717458,149964459	4472
baseB	29	4	148965000	148193250,148803791,148836167,148965000,148979083,150127166,150299166	4472
all	29	5	148504417	148194792,148195875,148373333,148504417,148652125,148740417,149060250	4472
libaom-c	30	1	46309000	46085000,46155000,46184000,46309000,46329000,46404000,46890000	4472
base	30	2	148374417	147354917,147494917,148275208,148374417,148509750,148581167,149784083	4472
baseB	30	3	147811333	147455292,147537458,147705583,147811333,148172208,148672375,148690333	4472
all	30	4	147201667	146400000,146633709,147154458,147201667,147665750,147879208,147899708	4472
allB	30	5	148319625	147572208,147581458,147773042,148319625,148538333,148703541,148880667	4472
base	31	1	148607834	147087042,148063959,148120917,148607834,148880083,148983291,149466833	4472
baseB	31	2	148733084	148171333,148455292,148569917,148733084,148931250,148952250,149381209	4472
all	31	3	148353667	147439083,148042375,148212416,148353667,148588667,148715500,148783709	4472
allB	31	4	148391250	147987250,148167583,148289792,148391250,148649708,148890333,149165500	4472
libaom-c	31	5	46691000	45630000,45799000,46397000,46691000,46872000,46999000,47165000	4472
baseB	32	1	149390917	148587666,148937333,149166208,149390917,149437542,149742375,150632292	4472
all	32	2	147807750	146944042,147552167,147699542,147807750,147920417,148501250,148525959	4472
allB	32	3	148107625	146975833,147025459,147256208,148107625,148399459,148453458,149282291	4472
libaom-c	32	4	46544000	45079000,46098000,46261000,46544000,46696000,46755000,46931000	4472
base	32	5	148160250	147790000,147886208,147957000,148160250,148602291,148721042,149276208	4472
all	33	1	148528209	147490792,147862458,148114208,148528209,148529958,148692709,148723291	4472
allB	33	2	148697167	147923042,148436167,148559667,148697167,148782750,148829291,150119167	4472
libaom-c	33	3	46399000	45759000,45996000,46111000,46399000,46749000,46797000,47756000	4472
base	33	4	149443584	148069375,148275584,148647834,149443584,149800583,149867917,149881208	4472
baseB	33	5	149536750	148107292,148310666,149086291,149536750,149715583,150171833,150410875	4472
allB	34	1	147767333	146510292,146983167,147165084,147767333,147901292,148366209,148628041	4472
libaom-c	34	2	45964000	45208000,45741000,45837000,45964000,46833000,47083000,47210000	4472
base	34	3	148649041	148231083,148311292,148375166,148649041,148778792,148862334,148956208	4472
baseB	34	4	149966791	148865000,149365333,149430917,149966791,149971334,150226875,150718500	4472
all	34	5	148954167	148127375,148457250,148816375,148954167,148973042,149218708,149391167	4472
libaom-c	35	1	46590000	45725000,45766000,46389000,46590000,46616000,46636000,46741000	4472
base	35	2	149252792	148366458,149040375,149115292,149252792,149713125,150266667,150513583	4472
baseB	35	3	149511292	147915583,149064583,149095917,149511292,149950500,150287583,150349625	4472
all	35	4	147916500	147297459,147793083,147871083,147916500,148291042,148485958,148571125	4472
allB	35	5	147873958	147651917,147774000,147788250,147873958,148763625,149694666,150891167	4472
base	36	1	150404042	148770125,149628000,149762834,150404042,150426541,150614167,150700917	4472
baseB	36	2	148708916	147932958,148248875,148587500,148708916,148856000,148943542,149519500	4472
all	36	3	148929500	148244084,148743250,148830834,148929500,149179167,149540959,151022542	4472
allB	36	4	148669125	148057250,148387333,148450333,148669125,149134709,149135083,150542708	4472
libaom-c	36	5	46848000	45987000,46098000,46576000,46848000,47016000,47266000,47485000	4472
baseB	37	1	149219667	148698791,148732917,149169792,149219667,149400083,149558000,149829167	4472
all	37	2	147732333	147003042,147360167,147481791,147732333,147812292,147832542,148390167	4472
allB	37	3	147866333	146647042,147789750,147854625,147866333,148141625,148362875,148527875	4472
libaom-c	37	4	46401000	45710000,46280000,46340000,46401000,46481000,46796000,47552000	4472
base	37	5	148982292	148090209,148876834,148877875,148982292,149624875,150120625,150123083	4472
all	38	1	147951667	147225084,147397792,147604042,147951667,147952042,148364208,148994334	4472
allB	38	2	148872959	147300083,148473458,148564167,148872959,149147083,149579833,151222125	4472
libaom-c	38	3	46507000	45812000,46362000,46399000,46507000,46520000,46642000,47235000	4472
base	38	4	149498000	148771708,149260416,149297416,149498000,149635208,149756375,150003209	4472
baseB	38	5	150766458	149346792,149689417,150665250,150766458,150847917,150888125,151664042	4472
allB	39	1	148962583	147586125,148537000,148657167,148962583,148990542,150299417,150581125	4472
libaom-c	39	2	46664000	46127000,46252000,46629000,46664000,46749000,46890000,47093000	4472
base	39	3	149137792	148576916,148848750,148868125,149137792,149428959,149463917,149889583	4472
baseB	39	4	149202833	148725625,148821458,149090042,149202833,149251000,149309666,149986583	4472
all	39	5	149124875	147882542,147937333,148915000,149124875,149406750,149831042,149894417	4472
libaom-c	40	1	47269000	46619000,46887000,47091000,47269000,47431000,47443000,47541000	4472
base	40	2	150283750	149648208,150009333,150160583,150283750,150286666,150445250,150843708	4472
baseB	40	3	150165917	149030417,149350417,149781000,150165917,150503667,150850833,151385875	4472
all	40	4	149121708	147692416,148957083,149076917,149121708,149594792,150002333,151098959	4472
allB	40	5	148935792	148144750,148151000,148847666,148935792,149029000,149113292,149736083	4472
base	41	1	149409250	148923625,149083459,149236625,149409250,149442458,149670042,150391750	4472
baseB	41	2	149064916	148772834,148862166,149013875,149064916,149346291,149440041,149490583	4472
all	41	3	148633542	147984791,148400084,148487292,148633542,149071000,149102666,149490417	4472
allB	41	4	149115417	148400334,148424875,148991458,149115417,149394250,149677459,149842833	4472
libaom-c	41	5	47074000	46704000,46807000,46913000,47074000,47146000,47170000,49270000	4472
baseB	42	1	150152500	149307875,149615750,150032708,150152500,150842458,151366000,152651917	4472
all	42	2	149880458	148402000,148772250,149548541,149880458,149920959,150130208,150197042	4472
allB	42	3	149186750	147914667,148757291,148839084,149186750,149496250,150377417,151836625	4472
libaom-c	42	4	46606000	46200000,46332000,46512000,46606000,46643000,46903000,46926000	4472
base	42	5	149657042	147787334,149155958,149487250,149657042,149724208,150048792,150098041	4472
all	43	1	149299250	148717667,148928208,149256625,149299250,149420708,149848167,150724958	4472
allB	43	2	148570209	148334458,148517750,148569000,148570209,148816625,148824167,149163250	4472
libaom-c	43	3	46942000	46570000,46776000,46799000,46942000,46987000,47254000,47827000	4472
base	43	4	150755292	149950875,150208250,150328750,150755292,150757166,150910542,151319750	4472
baseB	43	5	150608916	149956625,149983375,150179334,150608916,151068292,151267667,151306209	4472
allB	44	1	149875167	148642625,148814417,149517709,149875167,150153542,150642916,150717583	4472
libaom-c	44	2	46843000	46600000,46658000,46825000,46843000,46952000,46999000,47494000	4472
base	44	3	150576417	149749291,150232166,150520500,150576417,150691583,151288333,151346375	4472
baseB	44	4	150355959	149460000,150092750,150095083,150355959,150751709,150932750,150960125	4472
all	44	5	149686750	148548250,149199125,149231375,149686750,149714209,150547792,150605334	4472
libaom-c	45	1	46874000	46063000,46443000,46861000,46874000,47059000,47063000,47467000	4472
base	45	2	151732750	149953500,150996667,151483500,151732750,152538458,152848708,152963917	4472
baseB	45	3	151446292	150379958,150600750,151039834,151446292,151534916,151707875,152690958	4472
all	45	4	150032833	149395417,149431792,149849500,150032833,150173291,150476000,151065833	4472
allB	45	5	148952417	148301250,148496959,148822500,148952417,149010416,149250584,151868875	4472
base	46	1	149927625	149106625,149267625,149751375,149927625,150382166,150417875,150421833	4472
baseB	46	2	149811667	149003958,149183709,149637584,149811667,149947250,150250958,150913417	4472
all	46	3	149405917	148170709,148722500,149106000,149405917,149900875,150085583,150805750	4472
allB	46	4	152610209	151818292,152159250,152560417,152610209,152729625,152765042,152900542	4472
libaom-c	46	5	48377000	48074000,48165000,48274000,48377000,48444000,48747000,48801000	4472
baseB	47	1	154202166	151513792,153967458,154144125,154202166,154336958,154341958,154657625	4472
all	47	2	153308958	152428125,152529042,153172667,153308958,153541458,153685167,154434333	4472
allB	47	3	152251375	151810500,151819916,151971209,152251375,152324083,152470458,152691417	4472
libaom-c	47	4	48442000	48227000,48377000,48430000,48442000,48543000,48564000,48706000	4472
base	47	5	154176667	153702708,153722708,153744375,154176667,154792791,155631958,155663708	4472
all	48	1	153563250	152733167,153216167,153532250,153563250,153663792,154451708,154806916	4472
allB	48	2	153569458	153258250,153371542,153398625,153569458,153766416,154253250,154569542	4472
libaom-c	48	3	48567000	48098000,48381000,48565000,48567000,48892000,48939000,49242000	4472
base	48	4	155574750	154051750,154871166,154878208,155574750,155648792,155697917,155741500	4472
baseB	48	5	151431250	150459667,150949292,151399000,151431250,151651584,151756916,151846167	4472
allB	49	1	150303750	149549167,150090292,150261167,150303750,150325709,150360167,151643334	4472
libaom-c	49	2	47122000	46586000,46603000,47102000,47122000,47380000,47406000,47544000	4472
base	49	3	150661125	149792708,150341625,150368000,150661125,150691875,151365500,151649250	4472
baseB	49	4	151208083	149406083,149687375,151082292,151208083,151316958,151325750,151514708	4472
all	49	5	149768583	149259959,149430375,149510000,149768583,149799625,149893917,150517417	4472
libaom-c	50	1	47129000	46423000,46550000,47074000,47129000,47241000,47280000,47436000	4472
base	50	2	150874000	150301834,150420500,150797584,150874000,151066041,151579750,152195542	4472
baseB	50	3	150715709	150074292,150625292,150694958,150715709,150976292,151252875,151272625	4472
all	50	4	150791708	149776333,150413625,150601708,150791708,150848125,151053750,151102834	4472
allB	50	5	149876000	149395667,149591500,149813875,149876000,149899292,150442084,150510541	4472
base	51	1	150798958	149568375,149631792,150558791,150798958,150868125,151034375,151255500	4472
baseB	51	2	150915583	150500375,150736167,150822667,150915583,151736875,151784167,152265167	4472
all	51	3	150391791	150172375,150224667,150351250,150391791,150532959,151495875,152262083	4472
allB	51	4	149149083	148738375,148860709,148980584,149149083,149327875,149345417,149861083	4472
libaom-c	51	5	47231000	46647000,46840000,47210000,47231000,47606000,47941000,48685000	4472
baseB	52	1	151230917	150135916,150933458,150961042,151230917,151407292,151897791,151958208	4472
all	52	2	150799958	149826666,150171542,150691333,150799958,150817667,150899875,150962125	4472
allB	52	3	149724209	148888958,149690458,149707459,149724209,149876333,150486542,150686250	4472
libaom-c	52	4	46929000	46399000,46795000,46897000,46929000,47003000,47311000,47380000	4472
base	52	5	150695917	149837208,150131250,150617125,150695917,151017584,154664375,156887459	4472
all	53	1	151189041	150725583,150766875,150995750,151189041,152146542,154955166,155682875	4472
allB	53	2	149744667	148585625,148974375,149143791,149744667,149896667,150013958,150328625	4472
libaom-c	53	3	47353000	46935000,46958000,47232000,47353000,47364000,47537000,47875000	4472
base	53	4	151175209	150782584,150787084,150955875,151175209,151861500,151953500,152226625	4472
baseB	53	5	151056875	150693458,150842667,150896375,151056875,151147792,151253709,151688417	4472
allB	54	1	150605625	150275708,150447167,150548791,150605625,151123209,151251750,152593292	4472
libaom-c	54	2	47698000	46878000,46942000,47629000,47698000,47719000,47778000,47982000	4472
base	54	3	151456209	150051167,150426375,151231666,151456209,151785916,151935500,153247875	4472
baseB	54	4	150700375	150195875,150350167,150524916,150700375,150959750,151287750,151609291	4472
all	54	5	151044333	150599250,150735750,150846958,151044333,151148959,151291125,151317459	4472
libaom-c	55	1	47322000	46809000,47091000,47163000,47322000,47750000,47750000,48417000	4472
base	55	2	152002792	150722291,151125250,151420000,152002792,152036292,152344750,153214750	4472
baseB	55	3	154051708	151090791,152918375,153767916,154051708,154615208,155167792,155397166	4472
all	55	4	152630792	151770667,152302541,152562125,152630792,152802458,153278667,153875625	4472
allB	55	5	152850541	151664583,152391250,152494333,152850541,152875125,154144625,154284708	4472
base	56	1	154343125	153484125,153541958,154117458,154343125,154401834,154534167,154879000	4472
baseB	56	2	154141542	153528875,153636125,153844500,154141542,154357583,154407375,154621625	4472
all	56	3	154258334	153609958,153615250,154034208,154258334,154668584,154873959,155610958	4472
allB	56	4	153591375	152494042,152517416,152952083,153591375,153772500,153884417,154067584	4472
libaom-c	56	5	48733000	48230000,48524000,48659000,48733000,48849000,48877000,49739000	4472
baseB	57	1	154324750	153740458,153850792,153940750,154324750,154404166,154471292,154980708	4472
all	57	2	154326125	150402916,150627917,151170167,154326125,154601541,155048042,155123792	4472
allB	57	3	151057042	150355458,150654833,151030792,151057042,151133042,151231667,152262208	4472
libaom-c	57	4	47328000	46881000,47038000,47073000,47328000,47415000,47514000,47548000	4472
base	57	5	150982000	150559791,150885625,150932250,150982000,151245583,151255542,151789250	4472
all	58	1	151466250	148877583,150945500,151297584,151466250,151478250,151752541,152278959	4472
allB	58	2	150425291	149985333,150257500,150302084,150425291,150589000,150668083,150937041	4472
libaom-c	58	3	47332000	46933000,47176000,47302000,47332000,47384000,47505000,47878000	4472
base	58	4	151224916	150311167,150755125,151143667,151224916,151325291,151688709,152149500	4472
baseB	58	5	151272416	150169458,150656625,151088750,151272416,151308333,151335000,151403417	4472
allB	59	1	150269334	149841042,149961625,150041417,150269334,150291292,150529167,150819209	4472
libaom-c	59	2	47460000	47023000,47186000,47253000,47460000,47750000,47999000,48037000	4472
base	59	3	151488833	150973250,151250708,151321625,151488833,151720500,151922917,152049500	4472
baseB	59	4	150813292	149943334,150397208,150528167,150813292,150977583,151060584,151375625	4472
all	59	5	151172000	149107875,149944292,150434458,151172000,151213750,151636917,151723750	4472
libaom-c	60	1	46838000	46634000,46754000,46779000,46838000,47392000,47613000,47980000	4472
base	60	2	151486666	151222166,151231208,151257916,151486666,151565833,151931666,152775000	4472
baseB	60	3	151998541	151168500,151872375,151961750,151998541,152034125,152150250,152238042	4472
all	60	4	150957000	150587958,150710958,150787042,150957000,151259208,151597875,151838750	4472
allB	60	5	150830875	150017375,150215875,150473625,150830875,150847083,150904709,151008667	4472
base	61	1	151543958	149934250,150820833,151215209,151543958,151620625,151624666,151698625	4472
baseB	61	2	151270666	150184459,150373333,150825958,151270666,151362417,151412000,151789833	4472
all	61	3	150920584	149976875,150151416,150864625,150920584,151199541,151282708,151925125	4472
allB	61	4	150775208	149052166,150410750,150434792,150775208,150806000,151479500,153303917	4472
libaom-c	61	5	47048000	46829000,46852000,46896000,47048000,47077000,47450000,47565000	4472
baseB	62	1	151428834	150869542,150921333,151048292,151428834,151600959,151689459,151773208	4472
all	62	2	151185250	150450833,150645500,150791334,151185250,151316250,151557333,151904416	4472
allB	62	3	150394500	149828500,149896833,150229208,150394500,150495584,150759291,150882959	4472
libaom-c	62	4	47433000	47077000,47161000,47284000,47433000,47741000,47795000,48083000	4472
base	62	5	154170000	152759125,153460458,154155250,154170000,154689125,154933750,155701042	4472
all	63	1	152949125	152373083,152463125,152647792,152949125,153146208,153405167,153406500	4472
allB	63	2	152394125	151744875,152048000,152057250,152394125,152473958,152592916,152653791	4472
libaom-c	63	3	48894000	48493000,48679000,48710000,48894000,48900000,49048000,49199000	4472
base	63	4	154020708	153412209,153412875,153749250,154020708,154202084,154249959,154953542	4472
baseB	63	5	153354083	152643458,152897542,152989958,153354083,153495292,154274500,154477459	4472
allB	64	1	152542583	152129167,152337208,152391291,152542583,152884875,152917666,154590875	4472
libaom-c	64	2	48446000	47952000,48199000,48375000,48446000,48628000,49142000,49146000	4472
base	64	3	153744416	153558625,153686209,153695083,153744416,153885166,154148958,154158500	4472
baseB	64	4	154362625	153180333,153426792,153598666,154362625,154933208,154953583,155784292	4472
all	64	5	152650125	152179791,152482833,152583417,152650125,152761375,152872875,153243791	4472
libaom-c	65	1	48335000	48178000,48215000,48309000,48335000,48341000,48497000,48567000	4472
base	65	2	154265541	153740292,153892000,154047333,154265541,154293667,154300417,155141417	4472
baseB	65	3	154736417	153129209,153965416,154561750,154736417,154908791,155061500,155744875	4472
all	65	4	153178459	152779375,152824250,152920291,153178459,153198042,153258250,153497875	4472
allB	65	5	152590083	152361417,152385459,152488125,152590083,152596667,152618416,153762125	4472
base	66	1	153802625	153439833,153663291,153689541,153802625,153817416,154009708,154074500	4472
baseB	66	2	154203625	153305458,153551667,154090416,154203625,154351666,154524125,154999500	4472
all	66	3	153277167	152474292,152539625,152907125,153277167,153366750,153512750,154369916	4472
allB	66	4	153124333	152845000,152910000,153071542,153124333,153358500,153435709,153449375	4472
libaom-c	66	5	48408000	48081000,48160000,48268000,48408000,48429000,48532000,48568000	4472
baseB	67	1	153999167	153358583,153705250,153801541,153999167,154026916,154117458,154458708	4472
all	67	2	153040959	152937500,153023041,153028000,153040959,153300792,153957334,154957542	4472
allB	67	3	152384416	151943208,152096542,152328083,152384416,152876333,153526209,153898000	4472
libaom-c	67	4	48432000	47971000,48091000,48278000,48432000,48599000,48646000,48767000	4472
base	67	5	153878500	153630875,153823458,153863250,153878500,154115000,154377458,154405208	4472
all	68	1	154127541	152739584,153674791,153806916,154127541,154181583,154839583,154859458	4472
allB	68	2	152783000	152182792,152325542,152407333,152783000,153074083,153235833,153976000	4472
libaom-c	68	3	48320000	48105000,48152000,48314000,48320000,48576000,48712000,48934000	4472
base	68	4	153473333	153115125,153129834,153323958,153473333,153524584,153723750,153841959	4472
baseB	68	5	153375750	152997042,153213333,153309667,153375750,153382666,153445333,154151333	4472
allB	69	1	153427750	152328542,153208500,153326167,153427750,153647291,154412625,154521666	4472
libaom-c	69	2	48160000	47958000,48019000,48136000,48160000,48260000,48339000,48533000	4472
base	69	3	154119375	152883416,153749667,153935584,154119375,154156833,154203542,154487041	4472
baseB	69	4	153797041	153305500,153584167,153693209,153797041,154320583,154413709,154427833	4472
all	69	5	154170083	153525708,153813625,153846708,154170083,154386041,154633166,155473875	4472
libaom-c	70	1	48126000	47989000,48004000,48119000,48126000,48358000,48503000,48677000	4472
base	70	2	153592000	153284000,153318959,153363750,153592000,153703459,154694959,155777042	4472
baseB	70	3	154157792	153260792,153703291,154027542,154157792,154208292,154710208,155306334	4472
all	70	4	152327667	152090500,152188375,152319083,152327667,152349250,152369500,152596458	4472
allB	70	5	152320375	151465292,151668500,152078875,152320375,152452959,152566167,152956167	4472
base	71	1	154844584	153209000,154062792,154534208,154844584,154912167,155399583,155656292	4472
baseB	71	2	153960792	153651584,153821542,153895166,153960792,154019500,154058292,154314875	4472
all	71	3	152383833	151965500,152247292,152348500,152383833,152771083,152947542,153405291	4472
allB	71	4	151666291	151433875,151450250,151660958,151666291,151834542,151951125,152085750	4472
libaom-c	71	5	48399000	48182000,48228000,48247000,48399000,48453000,48754000,48985000	4472
baseB	72	1	153777583	153392208,153751959,153756250,153777583,153815167,154058250,154137292	4472
all	72	2	152236208	151927375,151966166,151978625,152236208,152561584,152640750,152979541	4472
allB	72	3	152737958	151961875,152193541,152301791,152737958,152771000,153340667,155033417	4472
libaom-c	72	4	48347000	48078000,48263000,48325000,48347000,48755000,48964000,50258000	4472
base	72	5	153978042	152725792,152781125,153090875,153978042,154009875,154134292,155301208	4472
all	73	1	152897458	152583667,152701416,152866750,152897458,152966042,153544000,153776250	4472
allB	73	2	152471209	152252000,152356333,152400375,152471209,152550708,152811375,153365542	4472
libaom-c	73	3	49130000	48215000,48500000,48544000,49130000,49375000,49387000,49577000	4472
base	73	4	153170583	152586125,152768166,153083667,153170583,153352875,153891333,154014083	4472
baseB	73	5	153138292	152827208,152849916,153031875,153138292,153170583,153848542,153890083	4472
allB	74	1	152945291	152315125,152461167,152926625,152945291,153152750,153781625,153867833	4472
libaom-c	74	2	48241000	47969000,48188000,48201000,48241000,48330000,48494000,48712000	4472
base	74	3	154583333	154175458,154331166,154554083,154583333,154655625,154658542,155442667	4472
baseB	74	4	153573333	152791250,153173292,153337666,153573333,153596625,153597875,153732000	4472
all	74	5	153337958	152667208,152951208,152974000,153337958,153346833,154068083,154707416	4472
libaom-c	75	1	48178000	48120000,48151000,48177000,48178000,48349000,48405000,48558000	4472
base	75	2	154015042	153169292,153284750,153436709,154015042,154481375,155179459,155663833	4472
baseB	75	3	154792917	153853500,153926666,154778667,154792917,155368792,155673125,155677333	4472
all	75	4	152580000	152250916,152490959,152519834,152580000,152755292,152768459,152866125	4472
allB	75	5	152223292	151767458,152052292,152085417,152223292,152342667,152727458,154487875	4472
base	76	1	153469125	153033667,153064958,153328875,153469125,153493333,153519209,154189958	4472
baseB	76	2	154042917	153392792,153692333,153886875,154042917,154116334,154946292,154976583	4472
all	76	3	152912000	152509167,152759292,152780292,152912000,153045750,153239375,153731625	4472
allB	76	4	152471375	152138250,152255000,152320667,152471375,152963291,153112667,153123208	4472
libaom-c	76	5	48282000	48052000,48129000,48275000,48282000,48314000,48412000,48497000	4472
baseB	77	1	153966209	153080542,153468250,153769375,153966209,154402666,154951375,155951083	4472
all	77	2	153308000	152538375,152905959,153040375,153308000,153449042,153534417,154709125	4472
allB	77	3	152906041	151730875,152545250,152657125,152906041,153093708,153126541,153137875	4472
libaom-c	77	4	48605000	48203000,48336000,48433000,48605000,48628000,48868000,48920000	4472
base	77	5	152924958	152738125,152858916,152912584,152924958,152986000,153071834,153909125	4472
all	78	1	153320083	152124292,152887500,153209292,153320083,153386416,154352208,156408583	4472
allB	78	2	152064250	151682625,151716916,152061458,152064250,152135875,152141542,152244000	4472
libaom-c	78	3	48209000	47973000,48080000,48129000,48209000,48219000,48437000,48483000	4472
base	78	4	153790000	153029375,153383500,153497709,153790000,154100708,154376458,155537458	4472
baseB	78	5	153984333	153334792,153463417,153655833,153984333,154000500,154484416,155040000	4472
allB	79	1	152450208	152171542,152284417,152328542,152450208,152548833,152945792,153210416	4472
libaom-c	79	2	48329000	48008000,48087000,48088000,48329000,48435000,48504000,48655000	4472
base	79	3	154011000	153239542,153663042,153979250,154011000,154073917,154076292,154136833	4472
baseB	79	4	153951209	153276250,153525875,153586083,153951209,154006083,154223500,154296333	4472
all	79	5	153021042	152261125,152431792,152943584,153021042,153045458,153310292,153386125	4472
libaom-c	80	1	48662000	48323000,48448000,48539000,48662000,48757000,48821000,50220000	4472
base	80	2	153992750	153704334,153816334,153975625,153992750,154343458,154977583,155725500	4472
baseB	80	3	153579666	153401750,153430083,153548834,153579666,153947000,153955000,154950667	4472
all	80	4	152803958	152170625,152367083,152455584,152803958,152850167,153428083,153741708	4472
allB	80	5	151959584	151643958,151687500,151809625,151959584,152134084,152279167,152287417	4472
base	81	1	153798083	152871750,153350791,153422833,153798083,154096833,155028083,155369250	4472
baseB	81	2	153097750	152774125,152986875,153014709,153097750,153278167,153338042,153446834	4472
all	81	3	152774875	152662084,152702833,152719542,152774875,153290000,153631250,153658750	4472
allB	81	4	152011500	151436541,151801208,151932916,152011500,152452041,152558458,152633417	4472
libaom-c	81	5	48401000	48136000,48217000,48389000,48401000,48418000,48448000,48477000	4472
baseB	82	1	154758333	153978959,154303834,154357125,154758333,155054500,155139417,155927166	4472
all	82	2	152906083	152156875,152548209,152781666,152906083,153050834,153135000,153937083	4472
allB	82	3	152574250	152023333,152571250,152573250,152574250,152635500,152834125,152947875	4472
libaom-c	82	4	48326000	47983000,48070000,48115000,48326000,48338000,48367000,48503000	4472
base	82	5	153385625	152997709,153001500,153046083,153385625,153548709,153839333,155016583	4472
all	83	1	153140417	152755750,152888541,153016125,153140417,153610250,153751959,155699875	4472
allB	83	2	152317583	152009959,152094000,152212583,152317583,152321875,152450833,153375417	4472
libaom-c	83	3	48390000	48131000,48189000,48280000,48390000,48719000,48887000,49264000	4472
base	83	4	154050292	152986875,153262084,153420083,154050292,154212250,155038792,155142041	4472
baseB	83	5	154049167	153304000,153374584,153670250,154049167,154548583,155003917,156479084	4472
allB	84	1	152570792	151814417,151930709,152192334,152570792,152583042,153204333,154334042	4472
libaom-c	84	2	48386000	48233000,48297000,48371000,48386000,48565000,48598000,48649000	4472
base	84	3	153814417	153388625,153732000,153804125,153814417,154118125,154219709,155667917	4472
baseB	84	4	153904625	152963625,153530042,153671000,153904625,153911375,154220250,155017167	4472
all	84	5	153249792	151971000,152583000,152913125,153249792,153651500,155435750,155450333	4472
libaom-c	85	1	48274000	47950000,48082000,48121000,48274000,48339000,48417000,48525000	4472
base	85	2	153668959	152979916,153023334,153273167,153668959,153784375,154780167,154834417	4472
baseB	85	3	153914583	153569208,153626791,153862833,153914583,153952417,154109334,154424166	4472
all	85	4	152403667	152154667,152157875,152352584,152403667,152440583,152810292,153330333	4472
allB	85	5	152848750	152031083,152430709,152661750,152848750,152920041,152958625,153073292	4472
base	86	1	153579958	152615375,152983541,153571417,153579958,153673667,154333167,155925083	4472
baseB	86	2	153523875	152418875,152889500,153381917,153523875,153601917,153667750,153690416	4472
all	86	3	152651083	151996750,152452417,152610000,152651083,152945292,152958750,153198625	4472
allB	86	4	152609958	152378291,152450250,152608375,152609958,152662333,152705041,154111500	4472
libaom-c	86	5	48246000	47974000,48200000,48216000,48246000,48288000,48567000,48597000	4472
baseB	87	1	153309417	152855000,153211208,153211708,153309417,153529709,153562708,153852208	4472
all	87	2	152919500	152361458,152864250,152883500,152919500,153255125,153328167,154189292	4472
allB	87	3	152258375	151822250,152008125,152206375,152258375,152326042,152527458,153327166	4472
libaom-c	87	4	48681000	48289000,48332000,48539000,48681000,48903000,49184000,49223000	4472
base	87	5	153615625	153241458,153419500,153477708,153615625,153968250,153971833,153978291	4472
all	88	1	152539542	152276208,152306375,152472208,152539542,152595458,153050375,153252834	4472
allB	88	2	152228125	151847125,151906291,152112708,152228125,152307875,152363791,152379833	4472
libaom-c	88	3	48446000	48187000,48255000,48352000,48446000,48484000,48567000,48795000	4472
base	88	4	152813083	152474375,152697166,152778791,152813083,152828083,153072417,153201334	4472
baseB	88	5	153444709	152339375,152610125,153124250,153444709,153763917,153949291,154442916	4472
allB	89	1	151914500	151550000,151694250,151695125,151914500,152218833,152370959,152651791	4472
libaom-c	89	2	48290000	47927000,48076000,48288000,48290000,48301000,48398000,48537000	4472
base	89	3	154113917	153619250,153893250,153918625,154113917,154184875,154247417,155955416	4472
baseB	89	4	153661417	152851000,153125667,153471417,153661417,153731334,153904750,155367167	4472
all	89	5	153017375	152218000,152221250,152483416,153017375,153269750,153453542,155658708	4472
libaom-c	90	1	48307000	48030000,48082000,48111000,48307000,48330000,48389000,48801000	4472
base	90	2	153345834	152574625,152799791,152868125,153345834,153511334,154070791,154688042	4472
baseB	90	3	153501416	153017416,153086458,153443500,153501416,153716958,153743000,153782459	4472
all	90	4	153236417	152845458,153080250,153109750,153236417,153339750,153557583,154968459	4472
allB	90	5	151631458	151410166,151534292,151603125,151631458,151728791,151765000,152323083	4472
base	91	1	154091791	152990292,153102542,153307792,154091791,154221042,154281250,155796375	4472
baseB	91	2	153402458	152933208,153135792,153323625,153402458,153635625,153869958,153933459	4472
all	91	3	152788666	152235833,152460458,152661292,152788666,152800958,153048041,153097125	4472
allB	91	4	153473542	153025542,153266750,153273125,153473542,153665583,153985500,154099666	4472
libaom-c	91	5	48248000	48002000,48121000,48215000,48248000,48412000,48551000,48815000	4472
baseB	92	1	153915667	153704708,153896750,153906500,153915667,154245500,154431708,155230291	4472
all	92	2	152942583	152196708,152456458,152883750,152942583,153037750,153072583,153077708	4472
allB	92	3	151973541	151581167,151694000,151772584,151973541,152045125,152398625,153303042	4472
libaom-c	92	4	48289000	48039000,48188000,48190000,48289000,48446000,48551000,48809000	4472
base	92	5	154202166	152772833,153583833,154053125,154202166,154291292,154504458,154657708	4472
all	93	1	152876667	152004041,152638416,152875833,152876667,152905625,153553584,153681000	4472
allB	93	2	152373625	152051250,152183542,152293250,152373625,152472125,152500084,152788250	4472
libaom-c	93	3	48637000	48120000,48189000,48266000,48637000,48729000,48788000,48850000	4472
base	93	4	153908542	153449292,153482042,153692958,153908542,153928084,154029459,154128709	4472
baseB	93	5	153324542	152920500,153261958,153289833,153324542,153338709,153379958,153923208	4472
allB	94	1	151921542	151523292,151525541,151554500,151921542,151981625,151983917,152385625	4472
libaom-c	94	2	48277000	47984000,48193000,48194000,48277000,48290000,48605000,49027000	4472
base	94	3	153836541	153061458,153292167,153770000,153836541,154497541,154629667,156805875	4472
baseB	94	4	153760208	153344291,153402208,153513417,153760208,153860000,153996084,154363792	4472
all	94	5	153347792	152077583,152238041,152474416,153347792,153495000,153642875,154229167	4472
libaom-c	95	1	48369000	48007000,48147000,48193000,48369000,48502000,48636000,49298000	4472
base	95	2	153454667	153192958,153323125,153375834,153454667,153577541,153674958,153957833	4472
baseB	95	3	153693792	153446791,153562250,153598416,153693792,153796542,153832458,153907250	4472
all	95	4	152819583	152374417,152447375,152498209,152819583,153423833,155002708,155576458	4472
allB	95	5	152026042	151492958,151519083,151814750,152026042,152139583,152254500,152258833	4472
base	96	1	154211125	152736875,153383667,153840500,154211125,154428459,154505333,155648958	4472
baseB	96	2	153438000	152956417,153097417,153197541,153438000,153563209,153659583,153665125	4472
all	96	3	152816625	152247500,152667208,152809333,152816625,152861917,153739291,154286583	4472
allB	96	4	152877500	152165375,152632000,152652500,152877500,153046208,153119583,154654250	4472
libaom-c	96	5	48892000	48027000,48244000,48452000,48892000,48950000,49524000,50941000	4472
baseB	97	1	153867458	153287417,153370417,153581834,153867458,154030875,154241916,154450083	4472
all	97	2	153019167	152522500,152807833,152899042,153019167,153285375,153308750,154376041	4472
allB	97	3	153450333	152272875,152952000,153004625,153450333,153577833,154674542,155013125	4472
libaom-c	97	4	48198000	48057000,48070000,48092000,48198000,48233000,48238000,48872000	4472
base	97	5	154338500	153610833,154061458,154302666,154338500,154481875,154686250,154985208	4472
all	98	1	152751042	152569333,152627500,152692375,152751042,152788417,152833959,153142000	4472
allB	98	2	152322167	152144000,152245083,152294459,152322167,152473625,152974375,153740917	4472
libaom-c	98	3	48256000	48093000,48134000,48236000,48256000,48533000,48671000,48857000	4472
base	98	4	153852667	153147583,153570542,153802041,153852667,154114166,154539333,155649292	4472
baseB	98	5	153648875	153077250,153326250,153501542,153648875,153764792,154149875,154424500	4472
allB	99	1	152767541	152023375,152099250,152529709,152767541,153063125,153188583,154911875	4472
libaom-c	99	2	48532000	47974000,48108000,48476000,48532000,48551000,48596000,48616000	4472
base	99	3	153588000	153374208,153438584,153501166,153588000,153738375,153851167,153985875	4472
baseB	99	4	153958792	153330541,153481875,153540375,153958792,153966292,154079667,154281250	4472
all	99	5	153249208	152631250,152704250,152796167,153249208,153253916,153347291,154905666	4472
libaom-c	100	1	48283000	48041000,48121000,48162000,48283000,48346000,48370000,48374000	4472
base	100	2	153216541	152623958,153023084,153107166,153216541,153227208,153812833,155141709	4472
baseB	100	3	154406416	153324709,153479000,154038458,154406416,154628667,155090042,155395125	4472
all	100	4	152812500	152606250,152620250,152635792,152812500,152903458,153165791,153197041	4472
allB	100	5	152853167	152056042,152631166,152768291,152853167,153272084,153548417,153669875	4472
base	101	1	154518833	152493792,152662250,153910542,154518833,154725167,154833208,155685417	4472
baseB	101	2	153559375	153427209,153443125,153496792,153559375,153722458,153756125,153923833	4472
all	101	3	152810167	152413375,152499541,152550666,152810167,153108333,153833916,155065583	4472
allB	101	4	152768250	151548750,151650416,152336666,152768250,153098417,153176125,154886541	4472
libaom-c	101	5	48280000	48061000,48071000,48224000,48280000,48393000,48447000,48677000	4472
baseB	102	1	154000083	152480541,153830375,153935042,154000083,154326583,155121708,155749458	4472
all	102	2	152697542	152113041,152140916,152343666,152697542,152796416,153078458,153223792	4472
allB	102	3	152810042	152100291,152118125,152528083,152810042,152911416,153330291,154570250	4472
libaom-c	102	4	48100000	48059000,48059000,48062000,48100000,48134000,48477000,48485000	4472
base	102	5	153040458	152643209,152761084,152766000,153040458,153208042,153512958,153674375	4472
all	103	1	153179625	152130208,152800250,152935375,153179625,153795833,154538042,155992042	4472
allB	103	2	152092542	151892791,151979375,151985917,152092542,152368583,152807000,153914083	4472
libaom-c	103	3	48089000	47924000,48056000,48083000,48089000,48185000,48316000,48379000	4472
base	103	4	153837083	153516583,153563792,153736334,153837083,154097167,154859625,156332167	4472
baseB	103	5	153564917	152969667,153186167,153354209,153564917,153919709,154638334,154739417	4472
allB	104	1	152552792	152384458,152387292,152509584,152552792,152729667,153118125,153620750	4472
libaom-c	104	2	48462000	48145000,48340000,48429000,48462000,48474000,49014000,49015000	4472
base	104	3	154541667	153390541,154155500,154190292,154541667,154891208,155218000,155372375	4472
baseB	104	4	153900250	152801583,152963417,153274917,153900250,154318625,154451583,154643375	4472
all	104	5	153155958	151983375,152746583,152786208,153155958,153254542,153366041,154784584	4472
libaom-c	105	1	48942000	48137000,48244000,48740000,48942000,48960000,49638000,50359000	4472
base	105	2	153916334	153252917,153665000,153740750,153916334,153988875,154006958,154354958	4472
baseB	105	3	154853000	153241209,153402959,153562542,154853000,155167625,155259584,156129542	4472
all	105	4	152512500	152028416,152170708,152437666,152512500,152591791,152630750,152693250	4472
allB	105	5	152125667	151851833,151970625,152061708,152125667,152719042,152730250,152877334	4472
base	106	1	153047167	152693084,152964125,152983042,153047167,153095583,153865375,155061875	4472
baseB	106	2	153580375	152432583,152930042,153326375,153580375,154059833,154800334,155271084	4472
all	106	3	152951792	152574166,152830875,152851375,152951792,153558584,154160375,155397750	4472
allB	106	4	152244708	151929541,152031666,152102791,152244708,152302500,152376041,152679334	4472
libaom-c	106	5	48353000	47985000,48141000,48147000,48353000,48413000,48566000,48608000	4472
baseB	107	1	153910792	153094708,153224084,153581166,153910792,154174708,154591708,155218959	4472
all	107	2	152877209	152312291,152513334,152873458,152877209,153032625,153354167,153371833	4472
allB	107	3	152131250	151601500,151904208,152049625,152131250,152155417,152163708,152512667	4472
libaom-c	107	4	48891000	48288000,48354000,48400000,48891000,49019000,50147000,50457000	4472
base	107	5	153230750	152954917,153009625,153226625,153230750,153295167,153896792,155219208	4472
all	108	1	153193583	152047875,152780417,152978417,153193583,153229042,153453625,153468333	4472
allB	108	2	152512250	152208333,152365291,152365791,152512250,152653375,154409333,154673708	4472
libaom-c	108	3	48132000	47886000,47998000,48029000,48132000,48276000,48561000,48571000	4472
base	108	4	153497833	153263667,153484416,153496041,153497833,153614250,154069417,156605375	4472
baseB	108	5	154114417	153166625,153661208,154109500,154114417,154361834,154731625,155559375	4472
allB	109	1	152118500	151918875,151986042,152094333,152118500,152365500,152669958,152722959	4472
libaom-c	109	2	48434000	48103000,48305000,48327000,48434000,48927000,49113000,49286000	4472
base	109	3	153872250	153427625,153699791,153838792,153872250,154847875,154991083,155770625	4472
baseB	109	4	154068000	153274334,153523333,153581459,154068000,154277708,154293583,154504166	4472
all	109	5	153703333	152625167,153301958,153682375,153703333,154107500,154676833,156351417	4472
libaom-c	110	1	48432000	48137000,48145000,48151000,48432000,48536000,48565000,48671000	4472
base	110	2	154344875	154138417,154177458,154284958,154344875,154388709,155128000,155788208	4472
baseB	110	3	153711166	152282542,153163000,153511916,153711166,153780083,153932125,154079125	4472
all	110	4	153510250	152565667,152966125,153082083,153510250,153516625,154079583,154618291	4472
allB	110	5	152895458	152066958,152695750,152826541,152895458,152910333,153148833,153772167	4472
base	111	1	154191875	153292583,153719083,153725042,154191875,154370667,154521000,154968208	4472
baseB	111	2	154157542	153355292,153892375,154133291,154157542,154697625,155812791,156382291	4472
all	111	3	153006167	152472500,152776584,152955334,153006167,153494208,153722541,154207125	4472
allB	111	4	152456625	151806417,151917417,152097375,152456625,152531250,152931291,152979333	4472
libaom-c	111	5	48375000	48157000,48232000,48321000,48375000,48384000,48659000,48884000	4472
baseB	112	1	153400875	152936375,153107709,153117250,153400875,153504625,153660125,153898542	4472
all	112	2	152840250	152108250,152712750,152747791,152840250,153081708,153101291,153212625	4472
allB	112	3	152588500	151850167,152212958,152448958,152588500,152633584,153585542,154461709	4472
libaom-c	112	4	48521000	48424000,48503000,48513000,48521000,48705000,48799000,49097000	4472
base	112	5	153376459	153011833,153197541,153262666,153376459,153471875,153638125,153718583	4472
all	113	1	152855417	152627833,152650208,152824209,152855417,152916583,153269333,153584541	4472
allB	113	2	151978333	151568125,151570625,151719625,151978333,151995167,152218500,152609625	4472
libaom-c	113	3	48134000	48096000,48116000,48123000,48134000,48231000,48251000,48821000	4472
base	113	4	153790333	153287708,153489750,153577959,153790333,154051250,154454959,154878292	4472
baseB	113	5	153496667	153214916,153247334,153343417,153496667,153738083,153769875,154210666	4472
allB	114	1	152768792	152334500,152551000,152703458,152768792,152866250,153752541,154155334	4472
libaom-c	114	2	48228000	48031000,48072000,48186000,48228000,48245000,48335000,48713000	4472
base	114	3	154233875	153760291,153970833,154086250,154233875,154594084,154752166,155103208	4472
baseB	114	4	153568166	152751166,152884250,153380792,153568166,153721833,154209209,155103042	4472
all	114	5	153519417	152722042,152773084,153226291,153519417,153554292,153629917,154189125	4472
libaom-c	115	1	48469000	48112000,48224000,48423000,48469000,48490000,48659000,48947000	4472
base	115	2	154729833	153270042,153467209,154342667,154729833,154764417,155161708,155555000	4472
baseB	115	3	153891750	153010917,153497375,153691833,153891750,154044042,154081208,154279916	4472
all	115	4	152967291	151931833,152134167,152134167,152967291,153019875,154875583,155648000	4472
allB	115	5	152186708	151630417,151712584,151984041,152186708,152264958,152313458,152886500	4472
base	116	1	152960375	152450333,152550834,152715500,152960375,153189583,153205958,153690125	4472
baseB	116	2	153165792	152895250,152939375,153006500,153165792,153920208,154396667,154479166	4472
all	116	3	152301000	152013375,152093792,152132750,152301000,152453291,152704375,153334167	4472
allB	116	4	152623125	152086125,152338792,152613625,152623125,152673625,153008875,153458959	4472
libaom-c	116	5	48379000	48185000,48201000,48281000,48379000,48456000,48720000,48728000	4472
baseB	117	1	153338417	153091459,153177875,153262625,153338417,153687417,153867125,154409084	4472
all	117	2	152973167	152030542,152391291,152853458,152973167,152974292,153023750,153368291	4472
allB	117	3	152317167	151785334,152220542,152282625,152317167,152461084,152525917,152548833	4472
libaom-c	117	4	48319000	47954000,48046000,48189000,48319000,48460000,48885000,48988000	4472
base	117	5	153739209	153343459,153419875,153523250,153739209,153739375,153857709,154336334	4472
all	118	1	153057541	152168458,152365250,152677709,153057541,153093959,153416625,153491709	4472
allB	118	2	152187166	151854750,151955250,152008833,152187166,152200417,152243416,153307167	4472
libaom-c	118	3	48398000	48096000,48117000,48272000,48398000,48472000,48503000,48590000	4472
base	118	4	152903375	152180917,152208375,152429375,152903375,153137459,153450458,153739750	4472
baseB	118	5	154117291	152805583,153322083,153665875,154117291,154882875,155367708,155924000	4472
allB	119	1	152371875	152069209,152219292,152327542,152371875,152700958,152745208,154264125	4472
libaom-c	119	2	48252000	48099000,48112000,48159000,48252000,48420000,48466000,48791000	4472
base	119	3	153399583	152987917,152993250,153140750,153399583,153546917,153589584,153727625	4472
baseB	119	4	153140875	152741375,152849333,152912250,153140875,153142834,153539334,154301666	4472
all	119	5	152479125	151947917,152133667,152438500,152479125,152723167,152947208,154275250	4472
libaom-c	120	1	48255000	48120000,48209000,48218000,48255000,48376000,48408000,48515000	4472
base	120	2	153879958	153021042,153302667,153366167,153879958,153899500,153923292,154629250	4472
baseB	120	3	153632708	152781792,152970625,153207958,153632708,153649459,153787708,155249291	4472
all	120	4	152720167	152233750,152626042,152692209,152720167,152756583,152817167,152983584	4472
allB	120	5	152528083	151475458,151791709,152505000,152528083,152749917,152786958,153223125	4472
base	121	1	153841375	153727333,153740208,153767709,153841375,153866708,154071333,154550584	4472
baseB	121	2	154579916	153708542,154041833,154130541,154579916,155149417,155189500,156129125	4472
all	121	3	152956458	152567667,152791375,152863292,152956458,153407125,153433334,153676792	4472
allB	121	4	152874167	152179334,152384000,152852042,152874167,152950583,153248709,153415166	4472
libaom-c	121	5	48613000	48202000,48206000,48425000,48613000,48832000,48869000,48934000	4472
baseB	122	1	154195500	153354333,153477208,154016000,154195500,154406291,155184583,155801208	4472
all	122	2	152745334	152290792,152296958,152548292,152745334,152875583,152879417,153247708	4472
allB	122	3	152622667	151895375,152047542,152341750,152622667,152626708,152646541,154102292	4472
libaom-c	122	4	48181000	48075000,48154000,48167000,48181000,48245000,48251000,48428000	4472
base	122	5	153689000	152929667,153042000,153338375,153689000,153897458,154204917,154293291	4472
all	123	1	153202666	152790125,152877334,152980041,153202666,153217875,153629125,154582125	4472
allB	123	2	152140542	151665417,151698667,151890250,152140542,152262417,152401959,152516250	4472
libaom-c	123	3	48482000	48029000,48175000,48451000,48482000,48510000,48631000,48721000	4472
base	123	4	154158333	153433541,153920958,154061000,154158333,154211375,154457875,154635875	4472
baseB	123	5	153509584	152880625,152938084,152984958,153509584,153740750,153846333,156534750	4472
allB	124	1	152810792	152187791,152522375,152636875,152810792,153003458,153278250,153499042	4472
libaom-c	124	2	48594000	48239000,48300000,48377000,48594000,48939000,49212000,49786000	4472
base	124	3	153467333	152834208,153213333,153346125,153467333,153763417,153859625,156406833	4472
baseB	124	4	153857541	153265958,153773583,153820625,153857541,154292542,154517541,154830709	4472
all	124	5	152918750	152319459,152566250,152613250,152918750,153713000,154795750,156401958	4472
libaom-c	125	1	48083000	47997000,48031000,48041000,48083000,48164000,48215000,48237000	4472
base	125	2	154608667	154055125,154206875,154319500,154608667,154930750,155035791,155076833	4472
baseB	125	3	154439542	153788625,153806250,154039625,154439542,154701667,154957708,156457042	4472
all	125	4	153245250	152735375,152812291,153107875,153245250,154432375,154709500,156335375	4472
allB	125	5	153338500	152362625,152406000,152571959,153338500,153412084,153971333,154438500	4472
base	126	1	153923833	153290458,153558167,153729584,153923833,154453417,154675500,155529209	4472
baseB	126	2	153979875	153173541,153239541,153890875,153979875,154167083,154313291,155921917	4472
all	126	3	153571208	152706000,152714042,153285875,153571208,154181916,154708958,155958458	4472
allB	126	4	152924792	152369500,152406166,152636458,152924792,153436542,154729292,155326833	4472
libaom-c	126	5	48759000	48177000,48338000,48670000,48759000,48808000,48997000,49308000	4472
baseB	127	1	154300208	153455375,153569792,154289708,154300208,154373917,155057042,155672042	4472
all	127	2	153109792	152118666,152694166,153073416,153109792,153597250,153646042,154510958	4472
allB	127	3	152620500	151988958,152282833,152315834,152620500,153357292,155241542,155888792	4472
libaom-c	127	4	48220000	48037000,48053000,48077000,48220000,48276000,48345000,48435000	4472
base	127	5	153790208	152626792,152988542,153094208,153790208,153916209,155227708,155993709	4472
all	128	1	153228250	152617917,152724250,153130875,153228250,153451000,153781417,153813292	4472
allB	128	2	152332417	152149166,152206375,152246250,152332417,152362375,152511875,153676708	4472
libaom-c	128	3	48669000	47922000,48045000,48230000,48669000,48689000,48919000,49145000	4472
base	128	4	153910000	153254708,153736542,153909584,153910000,154017583,154344250,154726709	4472
baseB	128	5	154506250	153447583,153716792,154389791,154506250,154757667,155343667,156494542	4472
allB	129	1	153621667	152273084,152515334,152869792,153621667,154252834,154407708,154915291	4472
libaom-c	129	2	48738000	48210000,48607000,48640000,48738000,49138000,49293000,49958000	4472
base	129	3	155462417	154958292,155003458,155304125,155462417,155469209,155817041,156059875	4472
baseB	129	4	154757208	153546958,153806042,154511958,154757208,155050250,155233292,155543709	4472
all	129	5	154246042	152813708,152905959,154190333,154246042,154563333,155532833,156224917	4472
libaom-c	130	1	49107000	48742000,48803000,49000000,49107000,49147000,49248000,49834000	4472
base	130	2	153898958	153211667,153396000,153782208,153898958,154127500,154696958,155300458	4472
baseB	130	3	153771458	152812042,153187166,153392375,153771458,154082875,154151292,155688250	4472
all	130	4	153488458	152470541,153067292,153249083,153488458,153520625,154278958,156085833	4472
allB	130	5	153536209	152340084,152625541,153111209,153536209,153762333,154236625,154504041	4472
base	131	1	154358791	153725625,153907959,154008750,154358791,154466625,154870375,155797792	4472
baseB	131	2	153236500	153100917,153131625,153186125,153236500,153285875,154199375,154842166	4472
all	131	3	153242208	152292208,153113583,153241375,153242208,153432625,153764833,155619875	4472
allB	131	4	153511250	152037917,152288708,153372334,153511250,153590208,153801417,155074958	4472
libaom-c	131	5	48504000	48270000,48276000,48420000,48504000,48549000,48579000,48660000	4472
baseB	132	1	153100500	152923708,153021500,153039417,153100500,153110750,154611417,155520583	4472
all	132	2	154311250	152993375,153502958,153751583,154311250,154422584,154430916,154483791	4472
allB	132	3	152627292	151823084,152119709,152153250,152627292,152748875,153813834,155831375	4472
libaom-c	132	4	48205000	47993000,48107000,48184000,48205000,48261000,48339000,48474000	4472
base	132	5	154400583	153814667,154084584,154360792,154400583,155415125,155823834,156691125	4472
all	133	1	153285667	152541916,152637041,153132708,153285667,153584083,153945417,154469125	4472
allB	133	2	152769792	151914792,152497792,152563583,152769792,152918208,153232500,154977042	4472
libaom-c	133	3	48367000	48027000,48128000,48165000,48367000,48594000,48812000,49150000	4472
base	133	4	153646833	153178125,153280042,153359041,153646833,153715833,153811083,154912208	4472
baseB	133	5	154044708	153440333,153533583,153649209,154044708,154886083,155111417,155639333	4472
allB	134	1	151746458	150903875,151343625,151387541,151746458,152147292,152802291,154296708	4472
libaom-c	134	2	48257000	47784000,47855000,48163000,48257000,48485000,49320000,49790000	4472
base	134	3	152244458	151654167,151731042,152119833,152244458,152347958,152396083,152622917	4472
baseB	134	4	152381792	151867750,152052000,152306084,152381792,152458750,152497625,153331875	4472
all	134	5	151390834	151144458,151215542,151244042,151390834,151648333,152001791,152515125	4472
libaom-c	135	1	47805000	47446000,47730000,47784000,47805000,47873000,48122000,48294000	4472
base	135	2	152070417	151669167,151729083,152001750,152070417,152117791,152304292,152431500	4472
baseB	135	3	152079500	151873000,151992625,152036250,152079500,152488875,152560458,155919417	4472
all	135	4	151271666	151134709,151228500,151263250,151271666,151449958,151508083,151788708	4472
allB	135	5	150915417	150449500,150701458,150876667,150915417,151555583,151769042,152900000	4472
base	136	1	152505750	152093959,152264417,152280792,152505750,152803958,153695833,162265708	4472
baseB	136	2	152864583	152430625,152514125,152678083,152864583,152903750,153238209,153573666	4472
all	136	3	151385250	150296667,150390625,150779334,151385250,151524958,151682041,152094292	4472
allB	136	4	151254583	151121958,151186042,151195208,151254583,151536042,151570667,151955375	4472
libaom-c	136	5	48009000	47570000,47739000,47891000,48009000,48104000,48256000,48364000	4472
baseB	137	1	152544792	152267834,152448583,152477541,152544792,153267250,153946167,154125542	4472
all	137	2	151395916	151107500,151172834,151321459,151395916,151447792,151468041,151772875	4472
allB	137	3	150854541	150512083,150746166,150820083,150854541,151158000,151366875,151545958	4472
libaom-c	137	4	48230000	47955000,48029000,48214000,48230000,48571000,48951000,49897000	4472
base	137	5	152089250	152011250,152042167,152078417,152089250,152183583,152300750,153458625	4472
all	138	1	151970667	151102458,151312250,151576292,151970667,152168916,152188000,152424292	4472
allB	138	2	150469292	150263208,150338208,150356334,150469292,150686750,150701750,150908791	4472
libaom-c	138	3	47935000	47575000,47601000,47610000,47935000,48050000,48199000,48220000	4472
base	138	4	152133791	151524292,151771916,151947500,152133791,152419000,152690125,154322292	4472
baseB	138	5	152633917	152287916,152502791,152534375,152633917,152748959,153199167,153222583	4472
allB	139	1	151529333	151090708,151202625,151365125,151529333,151737125,151757125,151891542	4472
libaom-c	139	2	47843000	47729000,47738000,47841000,47843000,47905000,48300000,48874000	4472
base	139	3	152145750	152026125,152032625,152145000,152145750,152535500,152863333,154278334	4472
baseB	139	4	152070333	151284584,151549500,151744208,152070333,152126792,152338709,152538917	4472
all	139	5	154464167	154183583,154309000,154425500,154464167,154675084,155000917,155777833	4472
libaom-c	140	1	48894000	48822000,48863000,48872000,48894000,49096000,49762000,49781000	4472
base	140	2	155412500	154494500,155057708,155082375,155412500,155541916,155737834,156714166	4472
baseB	140	3	155212458	154427333,154509167,155204584,155212458,155467417,155634708,155637750	4472
all	140	4	154142583	153463792,153578209,153658375,154142583,154335625,154420834,154832583	4472
allB	140	5	153873292	153136417,153325500,153854208,153873292,153946125,154780292,155653792	4472
base	141	1	155247000	153907625,154393917,155141000,155247000,155460792,155610917,155846125	4472
baseB	141	2	155482500	154438375,154542709,154941750,155482500,155592750,155757917,156333625	4472
all	141	3	154426000	153613958,154048708,154113250,154426000,154803458,154963333,155505583	4472
allB	141	4	153386250	152956916,153107000,153271000,153386250,154170292,154181208,154845291	4472
libaom-c	141	5	49020000	48584000,48948000,48992000,49020000,49121000,49322000,49920000	4472
baseB	142	1	154746250	153902667,154093458,154666125,154746250,154828625,155988042,157194875	4472
all	142	2	154229542	153047583,153577958,154030583,154229542,154714250,155110916,155169417	4472
allB	142	3	153922500	153200916,153339083,153539750,153922500,154170875,154952541,155458625	4472
libaom-c	142	4	49109000	48156000,48697000,48955000,49109000,49165000,49185000,49698000	4472
base	142	5	154974000	154717209,154786250,154838875,154974000,155538250,156915041,157064584	4472
all	143	1	154223209	153504750,153654750,154192667,154223209,154311959,154947250,155310459	4472
allB	143	2	153858000	153126667,153186500,153274500,153858000,154217042,154339334,154481458	4472
libaom-c	143	3	48870000	48340000,48665000,48734000,48870000,48937000,49290000,51148000	4472
base	143	4	154990792	153988458,154573042,154788875,154990792,155333167,155489625,156271875	4472
baseB	143	5	155261125	154499083,155096708,155118708,155261125,155431500,155745334,156462208	4472
allB	144	1	154390292	153197792,153486125,154319750,154390292,154646417,155019166,155455292	4472
libaom-c	144	2	48982000	48283000,48755000,48908000,48982000,49239000,49240000,50848000	4472
base	144	3	154707666	154381084,154401917,154504208,154707666,155341792,156157583,156343792	4472
baseB	144	4	155604459	154525542,155120291,155519959,155604459,155882542,156375500,157299916	4472
all	144	5	154230584	153543875,153908916,154011083,154230584,154676042,155101584,155315459	4472
libaom-c	145	1	48814000	48582000,48703000,48719000,48814000,48917000,49088000,49161000	4472
base	145	2	154534833	154140667,154398333,154500833,154534833,155064792,155612417,156694042	4472
baseB	145	3	154671792	153486417,153547333,154107292,154671792,155002834,155028833,155720125	4472
all	145	4	154662208	153336333,154141375,154284750,154662208,154954250,155011417,155480917	4472
allB	145	5	153907042	152529875,153583709,153715583,153907042,153928541,154385042,154983458	4472
base	146	1	155154292	154070333,154141625,154699292,155154292,155197666,155581042,156080459	4472
baseB	146	2	155148292	154471583,154785208,154918625,155148292,155377042,156042667,156150000	4472
all	146	3	154350042	153200250,153385916,153400542,154350042,154435459,154800250,156261041	4472
allB	146	4	154168166	153306625,153356958,153692791,154168166,154267291,154436500,154513833	4472
libaom-c	146	5	49131000	48828000,48978000,48979000,49131000,49366000,49602000,49703000	4472
baseB	147	1	155103708	154180375,154242209,155000583,155103708,155181625,155638417,156639125	4472
all	147	2	153919166	153150459,153224333,153289333,153919166,154243583,154307541,155411042	4472
allB	147	3	153890000	152378083,152566458,153700875,153890000,153893375,153943917,154821916	4472
libaom-c	147	4	49180000	48981000,49030000,49178000,49180000,49246000,49299000,50562000	4472
base	147	5	155217084	154550750,154655625,155077667,155217084,155608375,156290375,156618375	4472
all	148	1	154454417	153532334,153544833,153562750,154454417,154578333,155046500,155316708	4472
allB	148	2	154151250	153623084,153725333,153924459,154151250,154217625,154411042,154640000	4472
libaom-c	148	3	48660000	48183000,48203000,48263000,48660000,48891000,49426000,50250000	4472
base	148	4	156196125	155093125,155288875,155671334,156196125,156866875,156892125,157147667	4472
baseB	148	5	154720583	153519000,154228417,154524666,154720583,155422791,155988833,156218375	4472
allB	149	1	154113250	152302125,153346084,153400333,154113250,154516959,154612875,155229583	4472
libaom-c	149	2	49171000	48641000,48934000,49004000,49171000,49552000,50187000,50258000	4472
base	149	3	154498000	153704875,154076416,154393250,154498000,154572375,154747083,155398458	4472
baseB	149	4	154404250	153991208,154290667,154402000,154404250,154480791,154965584,156065792	4472
all	149	5	153759667	153261542,153390500,153474709,153759667,154193041,154370500,155281333	4472
libaom-c	150	1	48790000	48457000,48706000,48769000,48790000,48808000,48924000,49384000	4472
base	150	2	154710833	153528500,153632875,154541583,154710833,155486416,155514458,156295167	4472
baseB	150	3	155085375	154048000,154209042,154425167,155085375,155647708,155664708,155754708	4472
all	150	4	154726708	153399500,153788416,154313083,154726708,155131666,155315709,155330500	4472
allB	150	5	152850541	152155375,152743083,152760208,152850541,153585709,153809625,154333875	4472
