file	function	status	sym
encoder/mcomp.c	av1_find_best_obmc_sub_pixel_tree_up	ported	Y
encoder/mcomp.c	av1_find_best_sub_pixel_tree	ported	Y
encoder/mcomp.c	av1_find_best_sub_pixel_tree_pruned	ported	Y
encoder/mcomp.c	av1_find_best_sub_pixel_tree_pruned_more	ported	Y
encoder/mcomp.c	av1_full_pixel_search	ported	Y
encoder/mcomp.c	av1_get_mvpred_sse	ported	Y
encoder/mcomp.c	av1_init_motion_fpf	MISSING	Y
encoder/mcomp.c	av1_init_obmc_buffer	MISSING	Y
encoder/mcomp.c	av1_init_search_range	ported	Y
encoder/mcomp.c	av1_int_pro_motion_estimation	ported	Y
encoder/mcomp.c	av1_intrabc_hash_search	ported	Y
encoder/mcomp.c	av1_make_default_fullpel_ms_params	ported	Y
encoder/mcomp.c	av1_make_default_subpel_ms_params	MISSING	Y
encoder/mcomp.c	av1_mv_bit_cost	ported	Y
encoder/mcomp.c	av1_obmc_full_pixel_search	ported	Y
encoder/mcomp.c	av1_refine_warped_mv	MISSING	Y
encoder/mcomp.c	av1_refining_search_8p_c	ported	Y
encoder/mcomp.c	av1_return_max_sub_pixel_mv	ported	Y
encoder/mcomp.c	av1_return_min_sub_pixel_mv	ported	Y
encoder/mcomp.c	av1_set_ms_to_intra_mode	MISSING	Y
encoder/mcomp.c	av1_set_mv_search_range	ported	Y
encoder/mcomp.c	av1_vector_match	ported	Y
encoder/mcomp.c	bigdia_search	MISSING	n
encoder/mcomp.c	calc_int_cost_list	MISSING	n
encoder/mcomp.c	calc_int_sad_list	MISSING	n
encoder/mcomp.c	calc_sad3_update_bestmv	MISSING	n
encoder/mcomp.c	calc_sad4_update_bestmv	MISSING	n
encoder/mcomp.c	calc_sad_update_bestmv	MISSING	n
encoder/mcomp.c	calc_sad_update_bestmv_with_indices	MISSING	n
encoder/mcomp.c	check_better	ported	n
encoder/mcomp.c	check_better_fast	ported	n
encoder/mcomp.c	check_bounds	MISSING	n
encoder/mcomp.c	check_repeated_mv_and_update	ported	n
encoder/mcomp.c	compute_motion_cost	MISSING	n
encoder/mcomp.c	diamond_search_sad	ported	n
encoder/mcomp.c	divide_and_round	ported	n
encoder/mcomp.c	estimate_obmc_mvcost	ported	n
encoder/mcomp.c	estimate_obmc_pref_error	ported	n
encoder/mcomp.c	estimated_pref_error	ported	n
encoder/mcomp.c	exhaustive_mesh_search	ported	n
encoder/mcomp.c	fast_bigdia_search	MISSING	n
encoder/mcomp.c	fast_dia_search	MISSING	n
encoder/mcomp.c	first_level_check_fast	ported	n
encoder/mcomp.c	full_pixel_diamond	ported	n
encoder/mcomp.c	full_pixel_exhaustive	ported	n
encoder/mcomp.c	get_best_diag_step	ported	n
encoder/mcomp.c	get_buf_from_mv	ported	n
encoder/mcomp.c	get_cost_surf_min	ported	n
encoder/mcomp.c	get_mvpred_compound_sad	ported	n
encoder/mcomp.c	get_mvpred_compound_var_cost	MISSING	n
encoder/mcomp.c	get_mvpred_sad	MISSING	n
encoder/mcomp.c	get_mvpred_var_cost	ported	n
encoder/mcomp.c	get_obmc_mvpred_var	ported	n
encoder/mcomp.c	get_start_mvpred_sad_cost	MISSING	n
encoder/mcomp.c	get_subpel_part	ported	n
encoder/mcomp.c	hex_search	MISSING	n
encoder/mcomp.c	init_dsmotion_compensation	ported	n
encoder/mcomp.c	init_motion_compensation_bigdia	MISSING	n
encoder/mcomp.c	init_motion_compensation_hex	MISSING	n
encoder/mcomp.c	init_motion_compensation_nstep	ported	n
encoder/mcomp.c	init_ms_buffers	MISSING	n
encoder/mcomp.c	init_mv_cost_params	MISSING	n
encoder/mcomp.c	is_cost_list_wellbehaved	ported	n
encoder/mcomp.c	mv_cost	ported	n
encoder/mcomp.c	mv_err_cost	ported	n
encoder/mcomp.c	mv_err_cost_	ported	n
encoder/mcomp.c	mvsad_err_cost	ported	n
encoder/mcomp.c	mvsad_err_cost_	ported	n
encoder/mcomp.c	obmc_check_better	ported	n
encoder/mcomp.c	obmc_check_better_fast	ported	n
encoder/mcomp.c	obmc_diamond_search_sad	ported	n
encoder/mcomp.c	obmc_first_level_check	ported	n
encoder/mcomp.c	obmc_full_pixel_diamond	ported	n
encoder/mcomp.c	obmc_refining_search_sad	ported	n
encoder/mcomp.c	obmc_second_level_check_v2	ported	n
encoder/mcomp.c	pattern_search	ported	n
encoder/mcomp.c	second_level_check_fast	ported	n
encoder/mcomp.c	second_level_check_v2	ported	n
encoder/mcomp.c	setup_center_error	ported	n
encoder/mcomp.c	setup_center_error_facade	MISSING	n
encoder/mcomp.c	setup_obmc_center_error	ported	n
encoder/mcomp.c	two_level_checks_fast	ported	n
encoder/mcomp.c	update_best_site	ported	n
encoder/mcomp.c	update_mvs_and_sad	ported	n
encoder/mcomp.c	upsampled_obmc_pref_error	ported	n
encoder/mcomp.c	upsampled_pref_error	ported	n
encoder/mcomp.c	upsampled_setup_center_error	ported	n
encoder/mcomp.c	upsampled_setup_obmc_center_error	ported	n
encoder/mcomp.c	vfast_dia_search	MISSING	n
encoder/motion_search_facade.c	av1_compound_single_motion_search	MISSING	Y
encoder/motion_search_facade.c	av1_interinter_compound_motion_search	MISSING	Y
encoder/motion_search_facade.c	av1_joint_motion_search	MISSING	Y
encoder/motion_search_facade.c	av1_simple_motion_search_sse_var	MISSING	Y
encoder/motion_search_facade.c	av1_single_motion_search	ported	Y
encoder/motion_search_facade.c	build_second_inter_pred	MISSING	n
encoder/motion_search_facade.c	compare_weight	MISSING	n
encoder/motion_search_facade.c	compound_single_motion_search_interinter	MISSING	n
encoder/motion_search_facade.c	do_masked_motion_search_indexed	MISSING	n
encoder/motion_search_facade.c	get_mv_candidate_from_tpl	MISSING	n
encoder/motion_search_facade.c	use_fine_search_interval	MISSING	n
encoder/mv_prec.c	av1_collect_mv_stats	MISSING	Y
encoder/mv_prec.c	av1_pick_and_set_high_precision_mv	ported	Y
encoder/mv_prec.c	collect_mv_stats_b	MISSING	n
encoder/mv_prec.c	collect_mv_stats_sb	MISSING	n
encoder/mv_prec.c	collect_mv_stats_tile	MISSING	n
encoder/mv_prec.c	get_ref_mv_for_mv_stats	MISSING	n
encoder/mv_prec.c	get_smart_mv_prec	MISSING	n
encoder/mv_prec.c	get_symbol_cost	MISSING	n
encoder/mv_prec.c	keep_one_comp_stat	MISSING	n
encoder/mv_prec.c	keep_one_mv_stat	MISSING	n
encoder/encodemv.c	av1_build_nmv_component_cost_table	ported	Y
encoder/encodemv.c	av1_build_nmv_cost_table	ported	Y
encoder/encodemv.c	av1_encode_dv	ported	Y
encoder/encodemv.c	av1_encode_mv	ported	Y
encoder/encodemv.c	av1_find_best_ref_mvs_from_stack	MISSING	Y
encoder/encodemv.c	av1_get_ref_mv	ported	Y
encoder/encodemv.c	av1_get_ref_mv_from_stack	MISSING	Y
encoder/encodemv.c	av1_update_mv_stats	MISSING	Y
encoder/encodemv.c	encode_mv_component	ported	n
encoder/encodemv.c	update_mv_component_stats	MISSING	n
encoder/hash_motion.c	av1_add_to_hash_map_by_row_with_precal_data	ported	Y
encoder/hash_motion.c	av1_generate_block_2x2_hash_value	ported	Y
encoder/hash_motion.c	av1_generate_block_hash_value	ported	Y
encoder/hash_motion.c	av1_get_block_hash_value	ported	Y
encoder/hash_motion.c	av1_hash_get_first_iterator	MISSING	Y
encoder/hash_motion.c	av1_hash_is_horizontal_perfect	MISSING	Y
encoder/hash_motion.c	av1_hash_is_vertical_perfect	MISSING	Y
encoder/hash_motion.c	av1_hash_table_count	MISSING	Y
encoder/hash_motion.c	av1_hash_table_create	MISSING	Y
encoder/hash_motion.c	av1_hash_table_destroy	MISSING	Y
encoder/hash_motion.c	av1_hash_table_init	MISSING	Y
encoder/hash_motion.c	clear_all	MISSING	n
encoder/hash_motion.c	get_identity_hash_value	ported	n
encoder/hash_motion.c	get_xor_hash_value_hbd	ported	n
encoder/hash_motion.c	hash_block_size_to_index	ported	n
encoder/hash_motion.c	hash_table_add_to_table	MISSING	n
encoder/rdopt.c	adjust_cost	MISSING	n
encoder/rdopt.c	adjust_rdcost	MISSING	n
encoder/rdopt.c	analyze_single_states	MISSING	n
encoder/rdopt.c	av1_block_error_c	ported	Y
encoder/rdopt.c	av1_block_error_lp_c	ported	Y
encoder/rdopt.c	av1_get_horver_correlation_full_c	ported	Y
encoder/rdopt.c	av1_highbd_block_error_c	ported	Y
encoder/rdopt.c	av1_inter_mode_data_fit	MISSING	Y
encoder/rdopt.c	av1_inter_mode_data_init	MISSING	Y
encoder/rdopt.c	av1_rd_pick_inter_mode	ported	Y
encoder/rdopt.c	av1_rd_pick_inter_mode_sb_seg_skip	MISSING	Y
encoder/rdopt.c	av1_rd_pick_intra_mode_sb	ported	Y
encoder/rdopt.c	build_cur_mv	MISSING	n
encoder/rdopt.c	calc_target_weighted_pred	ported	n
encoder/rdopt.c	calc_target_weighted_pred_above	MISSING	n
encoder/rdopt.c	calc_target_weighted_pred_left	MISSING	n
encoder/rdopt.c	calculate_cost_from_tpl_data	MISSING	n
encoder/rdopt.c	check_repeat_ref_mv	MISSING	n
encoder/rdopt.c	clamp_and_check_mv	MISSING	n
encoder/rdopt.c	clamp_mv2	MISSING	n
encoder/rdopt.c	clamp_mv_in_range	MISSING	n
encoder/rdopt.c	collect_single_states	MISSING	n
encoder/rdopt.c	compare_int64	MISSING	n
encoder/rdopt.c	compare_rd_idx_pair	MISSING	n
encoder/rdopt.c	compound_skip_by_single_states	MISSING	n
encoder/rdopt.c	compound_skip_get_candidates	MISSING	n
encoder/rdopt.c	compound_skip_using_neighbor_refs	MISSING	n
encoder/rdopt.c	conditional_skipintra	MISSING	n
encoder/rdopt.c	cost_mv_ref	ported	n
encoder/rdopt.c	default_skip_mask	MISSING	n
encoder/rdopt.c	disable_inter_references_except_altref	MISSING	n
encoder/rdopt.c	disable_reference	MISSING	n
encoder/rdopt.c	estimate_ref_frame_costs	ported	n
encoder/rdopt.c	evaluate_motion_mode_for_winner_candidates	MISSING	n
encoder/rdopt.c	fast_interp_search	MISSING	n
encoder/rdopt.c	fetch_picked_ref_frames_mask	MISSING	n
encoder/rdopt.c	find_ref_match_in_above_nbs	MISSING	n
encoder/rdopt.c	find_ref_match_in_left_nbs	MISSING	n
encoder/rdopt.c	find_top_ref	MISSING	n
encoder/rdopt.c	get_block_level_tpl_stats	MISSING	n
encoder/rdopt.c	get_block_temp_var	MISSING	n
encoder/rdopt.c	get_drl_cost	MISSING	n
encoder/rdopt.c	get_drl_refmv_count	MISSING	n
encoder/rdopt.c	get_est_rate_dist	MISSING	n
encoder/rdopt.c	get_single_mode	MISSING	n
encoder/rdopt.c	get_sse	ported	n
encoder/rdopt.c	get_this_mv	MISSING	n
encoder/rdopt.c	get_variance_stats	MISSING	n
encoder/rdopt.c	get_variance_stats_hbd	MISSING	n
encoder/rdopt.c	get_winner_mode_stats	MISSING	n
encoder/rdopt.c	handle_inter_mode	ported	n
encoder/rdopt.c	handle_newmv	MISSING	n
encoder/rdopt.c	handle_winner_cand	MISSING	n
encoder/rdopt.c	in_single_ref_cutoff	MISSING	n
encoder/rdopt.c	increase_motion_mode_rd	MISSING	n
encoder/rdopt.c	init_comp_avg_est_rd	MISSING	n
encoder/rdopt.c	init_inter_mode_search_state	MISSING	n
encoder/rdopt.c	init_mbmi	ported	n
encoder/rdopt.c	init_mode_skip_mask	ported	n
encoder/rdopt.c	init_neighbor_pred_buf	MISSING	n
encoder/rdopt.c	init_single_inter_mode_search_state	MISSING	n
encoder/rdopt.c	init_top_tx_no_split_rd_for_inter_modes	MISSING	n
encoder/rdopt.c	inter_mode_compatible_skip	MISSING	n
encoder/rdopt.c	inter_mode_data_push	MISSING	n
encoder/rdopt.c	inter_mode_search_order_independent_skip	MISSING	n
encoder/rdopt.c	inter_modes_info_push	MISSING	n
encoder/rdopt.c	inter_modes_info_sort	MISSING	n
encoder/rdopt.c	is_ref_frame_used_by_compound_ref	MISSING	n
encoder/rdopt.c	is_ref_frame_used_in_cache	MISSING	n
encoder/rdopt.c	is_single_newmv_valid	MISSING	n
encoder/rdopt.c	mask_check_bit	MISSING	n
encoder/rdopt.c	mask_says_skip	MISSING	n
encoder/rdopt.c	mask_set_bit	MISSING	n
encoder/rdopt.c	match_ref_frame	MISSING	n
encoder/rdopt.c	match_ref_frame_pair	MISSING	n
encoder/rdopt.c	motion_mode_rd	MISSING	n
encoder/rdopt.c	process_compound_inter_mode	MISSING	n
encoder/rdopt.c	prune_modes_based_on_tpl_stats	MISSING	n
encoder/rdopt.c	prune_ref_frame	MISSING	n
encoder/rdopt.c	prune_ref_mv_idx_search	MISSING	n
encoder/rdopt.c	prune_ref_mv_idx_using_qindex	MISSING	n
encoder/rdopt.c	prune_zero_mv_with_sse	MISSING	n
encoder/rdopt.c	rd_pick_intrabc_mode_sb	ported	n
encoder/rdopt.c	rd_pick_skip_mode	MISSING	n
encoder/rdopt.c	record_best_compound	MISSING	n
encoder/rdopt.c	ref_match_found_in_nb_blocks	MISSING	n
encoder/rdopt.c	ref_mv_idx_early_breakout	MISSING	n
encoder/rdopt.c	ref_mv_idx_to_search	MISSING	n
encoder/rdopt.c	refine_winner_mode_tx	MISSING	n
encoder/rdopt.c	search_intra_modes_in_interframe	ported	n
encoder/rdopt.c	set_params_rd_pick_inter_mode	MISSING	n
encoder/rdopt.c	setup_buffer_ref_mvs_inter	MISSING	n
encoder/rdopt.c	simple_translation_pred_rd	MISSING	n
encoder/rdopt.c	skip_compound_using_best_single_mode_ref	MISSING	n
encoder/rdopt.c	skip_inter_mode	MISSING	n
encoder/rdopt.c	skip_interp_filter_search	MISSING	n
encoder/rdopt.c	skip_intra_modes_in_interframe	ported	n
encoder/rdopt.c	skip_mode_rd	MISSING	n
encoder/rdopt.c	skip_nearest_near_mv_using_refmv_weight	MISSING	n
encoder/rdopt.c	skip_repeated_mv	MISSING	n
encoder/rdopt.c	store_coding_context	ported	n
encoder/rdopt.c	tx_search_best_inter_candidates	MISSING	n
encoder/rdopt.c	update_best_single_mode	MISSING	n
encoder/rdopt.c	update_mode_start_end_index	MISSING	n
encoder/rdopt.c	update_search_state	MISSING	n
encoder/interp_search.c	av1_interpolation_filter_search	ported	Y
encoder/interp_search.c	calc_interp_skip_pred_flag	ported	n
encoder/interp_search.c	fast_dual_interp_filter_rd	MISSING	n
encoder/interp_search.c	find_best_interp_rd_facade	MISSING	n
encoder/interp_search.c	find_best_non_dual_interp_filter	ported	n
encoder/interp_search.c	find_interp_filter_in_stats	MISSING	n
encoder/interp_search.c	find_interp_filter_match	MISSING	n
encoder/interp_search.c	get_switchable_rate	ported	n
encoder/interp_search.c	interp_model_rd_eval	ported	n
encoder/interp_search.c	interpolation_filter_rd	ported	n
encoder/interp_search.c	is_interp_filter_good_match	MISSING	n
encoder/interp_search.c	is_pred_filter_search_allowed	MISSING	n
encoder/interp_search.c	pred_dual_interp_filter_rd	MISSING	n
encoder/interp_search.c	save_interp_filter_search_stat	MISSING	n
encoder/compound_type.c	av1_compound_type_rd	MISSING	Y
encoder/compound_type.c	av1_handle_inter_intra_mode	MISSING	Y
encoder/compound_type.c	backup_stats	MISSING	n
encoder/compound_type.c	calc_masked_type_cost	MISSING	n
encoder/compound_type.c	compute_best_interintra_mode	MISSING	n
encoder/compound_type.c	compute_best_wedge_interintra	MISSING	n
encoder/compound_type.c	compute_rd_thresh	MISSING	n
encoder/compound_type.c	compute_valid_comp_types	MISSING	n
encoder/compound_type.c	enable_wedge_interinter_search	MISSING	n
encoder/compound_type.c	enable_wedge_interintra_search	MISSING	n
encoder/compound_type.c	enable_wedge_search	MISSING	n
encoder/compound_type.c	estimate_wedge_sign	MISSING	n
encoder/compound_type.c	estimate_yrd_for_sb	ported	n
encoder/compound_type.c	find_comp_rd_in_stats	MISSING	n
encoder/compound_type.c	get_inter_predictors_masked_compound	MISSING	n
encoder/compound_type.c	get_interinter_compound_mask_rate	MISSING	n
encoder/compound_type.c	handle_smooth_inter_intra_mode	MISSING	n
encoder/compound_type.c	handle_wedge_inter_intra_mode	MISSING	n
encoder/compound_type.c	is_comp_rd_match	MISSING	n
encoder/compound_type.c	masked_compound_type_rd	MISSING	n
encoder/compound_type.c	pick_interinter_seg	MISSING	n
encoder/compound_type.c	pick_interinter_wedge	MISSING	n
encoder/compound_type.c	pick_interintra_wedge	MISSING	n
encoder/compound_type.c	pick_wedge	MISSING	n
encoder/compound_type.c	pick_wedge_fixed_sign	MISSING	n
encoder/compound_type.c	populate_reuse_comp_type_data	MISSING	n
encoder/compound_type.c	prune_comp_eval_using_comp_avg_est_rd	MISSING	n
encoder/compound_type.c	prune_mode_by_skip_rd	MISSING	n
encoder/compound_type.c	push_comp_avg_est_rd	MISSING	n
encoder/compound_type.c	save_comp_rd_search_stat	MISSING	n
encoder/compound_type.c	save_mask_search_results	MISSING	n
encoder/compound_type.c	update_best_info	MISSING	n
encoder/compound_type.c	update_mask_best_mv	MISSING	n
encoder/compound_type.c	update_mbmi_for_compound_type	MISSING	n
encoder/wedge_utils.c	av1_wedge_compute_delta_squares_c	ported	Y
encoder/wedge_utils.c	av1_wedge_sign_from_residuals_c	ported	Y
encoder/wedge_utils.c	av1_wedge_sse_from_residuals_c	ported	Y
encoder/nonrd_pickmode.c	ac_thr_factor	MISSING	n
encoder/nonrd_pickmode.c	av1_nonrd_pick_inter_mode_sb	ported	Y
encoder/nonrd_pickmode.c	av1_nonrd_pick_intra_mode	ported	Y
encoder/nonrd_pickmode.c	av1_pickmode_ctx_den_update	MISSING	n
encoder/nonrd_pickmode.c	block_variance	ported	n
encoder/nonrd_pickmode.c	block_variance_16x16_dual	MISSING	n
encoder/nonrd_pickmode.c	calc_num_proj_ref	MISSING	n
encoder/nonrd_pickmode.c	calc_rate_dist_block_param	MISSING	n
encoder/nonrd_pickmode.c	calculate_tx_size	MISSING	n
encoder/nonrd_pickmode.c	calculate_variance	MISSING	n
encoder/nonrd_pickmode.c	combined_motion_search	MISSING	n
encoder/nonrd_pickmode.c	cost_mv_ref	ported	n
encoder/nonrd_pickmode.c	early_term_inter_search_with_sse	MISSING	n
encoder/nonrd_pickmode.c	enable_palette	ported	n
encoder/nonrd_pickmode.c	estimate_single_ref_frame_costs	MISSING	n
encoder/nonrd_pickmode.c	fill_single_inter_mode_costs	MISSING	n
encoder/nonrd_pickmode.c	get_drl_cost	MISSING	n
encoder/nonrd_pickmode.c	get_ref_frame_use_mask	MISSING	n
encoder/nonrd_pickmode.c	handle_inter_mode_nonrd	MISSING	n
encoder/nonrd_pickmode.c	handle_screen_content_mode_nonrd	MISSING	n
encoder/nonrd_pickmode.c	init_best_pickmode	MISSING	n
encoder/nonrd_pickmode.c	is_filter_search_enabled_blk	MISSING	n
encoder/nonrd_pickmode.c	is_globalmv_better	MISSING	n
encoder/nonrd_pickmode.c	is_same_gf_and_last_scale	MISSING	n
encoder/nonrd_pickmode.c	is_warped_mode_allowed	MISSING	n
encoder/nonrd_pickmode.c	model_rd_for_sb_y	MISSING	n
encoder/nonrd_pickmode.c	model_skip_for_sb_y_large	MISSING	n
encoder/nonrd_pickmode.c	model_skip_for_sb_y_large_64	MISSING	n
encoder/nonrd_pickmode.c	newmv_diff_bias	MISSING	n
encoder/nonrd_pickmode.c	previous_mode_performed_poorly	MISSING	n
encoder/nonrd_pickmode.c	print_stage_time	MISSING	n
encoder/nonrd_pickmode.c	print_time	MISSING	n
encoder/nonrd_pickmode.c	prune_compoundmode_with_singlemode_var	MISSING	n
encoder/nonrd_pickmode.c	recheck_zeromv_after_denoising	MISSING	n
encoder/nonrd_pickmode.c	search_filter_ref	MISSING	n
encoder/nonrd_pickmode.c	search_motion_mode	MISSING	n
encoder/nonrd_pickmode.c	search_new_mv	MISSING	n
encoder/nonrd_pickmode.c	set_block_source_sad	MISSING	n
encoder/nonrd_pickmode.c	set_color_sensitivity	MISSING	n
encoder/nonrd_pickmode.c	set_compound_mode	MISSING	n
encoder/nonrd_pickmode.c	set_early_term_based_on_uv_plane	MISSING	n
encoder/nonrd_pickmode.c	set_force_skip_flag	MISSING	n
encoder/nonrd_pickmode.c	set_params_nonrd_pick_inter_mode	MISSING	n
encoder/nonrd_pickmode.c	setup_compound_params_from_comp_idx	MISSING	n
encoder/nonrd_pickmode.c	setup_compound_prediction	MISSING	n
encoder/nonrd_pickmode.c	should_prune_intra_modes_using_neighbors	ported	n
encoder/nonrd_pickmode.c	skip_comp_based_on_var	MISSING	n
encoder/nonrd_pickmode.c	skip_inter_mode_nonrd	MISSING	n
encoder/nonrd_pickmode.c	skip_mode_by_bsize_and_ref_frame	MISSING	n
encoder/nonrd_pickmode.c	skip_mode_by_low_temp	MISSING	n
encoder/nonrd_pickmode.c	skip_mode_by_threshold	MISSING	n
encoder/nonrd_pickmode.c	subpel_select	MISSING	n
encoder/nonrd_pickmode.c	update_search_state_nonrd	MISSING	n
encoder/nonrd_pickmode.c	update_thresh_freq_fact	MISSING	n
encoder/nonrd_pickmode.c	use_aggressive_subpel_search_method	MISSING	n
encoder/nonrd_opt.c	aom_process_hadamard_lp_8x16	MISSING	n
encoder/nonrd_opt.c	av1_block_yrd	ported	Y
encoder/nonrd_opt.c	av1_block_yrd_idtx	MISSING	Y
encoder/nonrd_opt.c	av1_estimate_block_intra	ported	Y
encoder/nonrd_opt.c	av1_estimate_intra_mode	MISSING	Y
encoder/nonrd_opt.c	av1_model_rd_for_sb_uv	MISSING	Y
encoder/nonrd_opt.c	compute_intra_yprediction	MISSING	n
encoder/nonrd_opt.c	is_prune_intra_mode	ported	n
encoder/nonrd_opt.c	scale_square_buf_vals	MISSING	n
encoder/nonrd_opt.c	update_yrd_loop_vars	ported	n
encoder/nonrd_opt.c	update_yrd_loop_vars_hbd	ported	n
encoder/var_based_part.c	all_blks_inside	MISSING	n
encoder/var_based_part.c	av1_choose_var_based_partitioning	ported	Y
encoder/var_based_part.c	av1_get_force_skip_low_temp_var	MISSING	Y
encoder/var_based_part.c	av1_get_force_skip_low_temp_var_small_sb	MISSING	Y
encoder/var_based_part.c	av1_set_variance_partition_thresholds	ported	Y
encoder/var_based_part.c	chroma_check	ported	n
encoder/var_based_part.c	compute_minmax_8x8	MISSING	n
encoder/var_based_part.c	do_int_pro_motion_estimation	ported	n
encoder/var_based_part.c	evaluate_neighbour_mvs	MISSING	n
encoder/var_based_part.c	fill_variance	ported	n
encoder/var_based_part.c	fill_variance_4x4avg	ported	n
encoder/var_based_part.c	fill_variance_8x8avg	MISSING	n
encoder/var_based_part.c	fill_variance_8x8avg_highbd	MISSING	n
encoder/var_based_part.c	fill_variance_8x8avg_lowbd	MISSING	n
encoder/var_based_part.c	fill_variance_tree	ported	n
encoder/var_based_part.c	fill_variance_tree_leaves	ported	n
encoder/var_based_part.c	get_part_eval_based_on_sub_blk_var	ported	n
encoder/var_based_part.c	get_variance	ported	n
encoder/var_based_part.c	is_set_force_zeromv_skip_based_on_src_sad	MISSING	n
encoder/var_based_part.c	mv_distance	MISSING	n
encoder/var_based_part.c	scale_part_thresh_content	MISSING	n
encoder/var_based_part.c	set_block_size	ported	n
encoder/var_based_part.c	set_force_zeromv_skip_for_sb	MISSING	n
encoder/var_based_part.c	set_low_temp_var_flag	MISSING	n
encoder/var_based_part.c	set_low_temp_var_flag_128x128	MISSING	n
encoder/var_based_part.c	set_low_temp_var_flag_64x64	MISSING	n
encoder/var_based_part.c	set_ref_frame_for_partition	MISSING	n
encoder/var_based_part.c	set_vbp_thresholds	ported	n
encoder/var_based_part.c	set_vbp_thresholds_key_frame	ported	n
encoder/var_based_part.c	set_vt_partitioning	ported	n
encoder/var_based_part.c	setup_planes	ported	n
encoder/var_based_part.c	sum_2_variances	ported	n
encoder/var_based_part.c	tree_to_node	ported	n
encoder/var_based_part.c	tune_base_thresh_content	ported	n
encoder/var_based_part.c	tune_thresh_based_on_qindex	ported	n
encoder/var_based_part.c	tune_thresh_based_on_resolution	ported	n
encoder/reconinter_enc.c	aom_comp_avg_upsampled_pred_c	ported	Y
encoder/reconinter_enc.c	aom_comp_mask_upsampled_pred	ported	Y
encoder/reconinter_enc.c	aom_highbd_comp_avg_upsampled_pred_c	ported	Y
encoder/reconinter_enc.c	aom_highbd_comp_mask_upsampled_pred	ported	Y
encoder/reconinter_enc.c	aom_highbd_upsampled_pred_c	ported	Y
encoder/reconinter_enc.c	aom_upsampled_pred_c	ported	Y
encoder/reconinter_enc.c	aom_upsampled_pred_scaled	ported	Y
encoder/reconinter_enc.c	av1_build_inter_predictors_for_planes_single_buf	MISSING	Y
encoder/reconinter_enc.c	av1_build_obmc_inter_predictors_sb	MISSING	Y
encoder/reconinter_enc.c	av1_build_prediction_by_above_preds	ported	Y
encoder/reconinter_enc.c	av1_build_prediction_by_left_preds	ported	Y
encoder/reconinter_enc.c	av1_build_wedge_inter_predictor_from_buf	MISSING	Y
encoder/reconinter_enc.c	av1_enc_build_inter_predictor	ported	Y
encoder/reconinter_enc.c	av1_enc_build_inter_predictor_y	MISSING	Y
encoder/reconinter_enc.c	av1_enc_build_inter_predictor_y_nonrd	MISSING	Y
encoder/reconinter_enc.c	av1_enc_build_one_inter_predictor	MISSING	Y
encoder/reconinter_enc.c	build_masked_compound	MISSING	n
encoder/reconinter_enc.c	build_masked_compound_highbd	MISSING	n
encoder/reconinter_enc.c	build_obmc_prediction	MISSING	n
encoder/reconinter_enc.c	build_wedge_inter_predictor_from_buf	MISSING	n
encoder/reconinter_enc.c	enc_build_inter_predictors	MISSING	n
encoder/reconinter_enc.c	enc_calc_subpel_params	MISSING	n
encoder/reconinter_enc.c	setup_address_for_obmc	MISSING	n
common/reconinter.c	allow_warp	ported	n
common/reconinter.c	av1_build_compound_diffwtd_mask_c	ported	Y
common/reconinter.c	av1_build_compound_diffwtd_mask_d16_c	ported	Y
common/reconinter.c	av1_build_compound_diffwtd_mask_highbd_c	ported	Y
common/reconinter.c	av1_build_interintra_predictor	ported	Y
common/reconinter.c	av1_build_intra_predictors_for_interintra	MISSING	Y
common/reconinter.c	av1_build_obmc_inter_prediction	ported	Y
common/reconinter.c	av1_combine_interintra	ported	Y
common/reconinter.c	av1_count_overlappable_neighbors	ported	Y
common/reconinter.c	av1_dist_wtd_comp_weight_assign	ported	Y
common/reconinter.c	av1_get_compound_type_mask	ported	Y
common/reconinter.c	av1_get_obmc_mask	ported	Y
common/reconinter.c	av1_init_warp_params	ported	Y
common/reconinter.c	av1_init_wedge_masks	ported	Y
common/reconinter.c	av1_make_inter_predictor	ported	Y
common/reconinter.c	av1_make_masked_inter_predictor	MISSING	Y
common/reconinter.c	av1_setup_build_prediction_by_above_pred	ported	Y
common/reconinter.c	av1_setup_build_prediction_by_left_pred	MISSING	Y
common/reconinter.c	av1_setup_dst_planes	ported	Y
common/reconinter.c	av1_setup_obmc_dst_bufs	MISSING	Y
common/reconinter.c	av1_setup_pre_planes	ported	Y
common/reconinter.c	av1_skip_u4x4_pred_in_obmc	ported	Y
common/reconinter.c	build_masked_compound_no_round	MISSING	n
common/reconinter.c	build_obmc_inter_pred_above	ported	n
common/reconinter.c	build_obmc_inter_pred_left	ported	n
common/reconinter.c	build_smooth_interintra_mask	ported	n
common/reconinter.c	combine_interintra	ported	n
common/reconinter.c	combine_interintra_highbd	MISSING	n
common/reconinter.c	diffwtd_mask	ported	n
common/reconinter.c	diffwtd_mask_d16	ported	n
common/reconinter.c	diffwtd_mask_highbd	ported	n
common/reconinter.c	get_wedge_mask_inplace	ported	n
common/reconinter.c	increment_int_ptr	MISSING	n
common/reconinter.c	init_all_wedge_masks	MISSING	n
common/reconinter.c	init_smooth_interintra_masks	MISSING	n
common/reconinter.c	init_wedge_masks	ported	n
common/reconinter.c	init_wedge_master_masks	ported	n
common/reconinter.c	modify_neighbor_predictor_for_obmc	MISSING	n
common/reconinter.c	shift_copy	ported	n
common/warped_motion.c	av1_find_projection	ported	Y
common/warped_motion.c	av1_get_shear_params	ported	Y
common/warped_motion.c	av1_highbd_warp_affine_c	ported	Y
common/warped_motion.c	av1_warp_affine_c	ported	Y
common/warped_motion.c	av1_warp_plane	ported	Y
common/warped_motion.c	check_model_consistency	ported	n
common/warped_motion.c	find_affine_int	ported	n
common/warped_motion.c	get_mult_shift_diag	ported	n
common/warped_motion.c	get_mult_shift_ndiag	ported	n
common/warped_motion.c	highbd_warp_plane	MISSING	Y
common/warped_motion.c	is_affine_shear_allowed	ported	n
common/warped_motion.c	is_affine_valid	ported	n
common/warped_motion.c	resolve_divisor_32	ported	n
common/warped_motion.c	resolve_divisor_64	ported	n
common/warped_motion.c	resolve_multiplier_64	MISSING	n
common/warped_motion.c	warp_plane	ported	Y
common/convolve.c	av1_convolve_2d_facade	ported	Y
common/convolve.c	av1_convolve_2d_scale_c	MISSING	Y
common/convolve.c	av1_convolve_2d_sr_c	ported	Y
common/convolve.c	av1_convolve_2d_sr_intrabc_c	MISSING	Y
common/convolve.c	av1_convolve_horiz_rs_c	MISSING	Y
common/convolve.c	av1_convolve_x_sr_c	ported	Y
common/convolve.c	av1_convolve_x_sr_intrabc_c	MISSING	Y
common/convolve.c	av1_convolve_y_sr_c	ported	Y
common/convolve.c	av1_convolve_y_sr_intrabc_c	MISSING	Y
common/convolve.c	av1_dist_wtd_convolve_2d_c	ported	Y
common/convolve.c	av1_dist_wtd_convolve_2d_copy_c	ported	Y
common/convolve.c	av1_dist_wtd_convolve_x_c	ported	Y
common/convolve.c	av1_dist_wtd_convolve_y_c	ported	Y
common/convolve.c	av1_highbd_convolve_2d_facade	MISSING	Y
common/convolve.c	av1_highbd_convolve_2d_scale_c	MISSING	Y
common/convolve.c	av1_highbd_convolve_2d_sr_c	ported	Y
common/convolve.c	av1_highbd_convolve_2d_sr_intrabc_c	MISSING	Y
common/convolve.c	av1_highbd_convolve_horiz_rs_c	MISSING	Y
common/convolve.c	av1_highbd_convolve_x_sr_c	ported	Y
common/convolve.c	av1_highbd_convolve_x_sr_intrabc_c	MISSING	Y
common/convolve.c	av1_highbd_convolve_y_sr_c	ported	Y
common/convolve.c	av1_highbd_convolve_y_sr_intrabc_c	MISSING	Y
common/convolve.c	av1_highbd_dist_wtd_convolve_2d_c	ported	Y
common/convolve.c	av1_highbd_dist_wtd_convolve_2d_copy_c	ported	Y
common/convolve.c	av1_highbd_dist_wtd_convolve_x_c	ported	Y
common/convolve.c	av1_highbd_dist_wtd_convolve_y_c	ported	Y
common/convolve.c	av1_highbd_wiener_convolve_add_src_c	ported	Y
common/convolve.c	av1_wiener_convolve_add_src_c	ported	Y
common/convolve.c	convolve_2d_facade_compound	MISSING	n
common/convolve.c	convolve_2d_facade_single	ported	n
common/convolve.c	convolve_2d_scale_wrapper	MISSING	n
common/convolve.c	convolve_add_src_horiz_hip	ported	n
common/convolve.c	convolve_add_src_vert_hip	ported	n
common/convolve.c	get_filter_base	ported	n
common/convolve.c	get_filter_offset	MISSING	n
common/convolve.c	highbd_convolve_2d_facade_compound	MISSING	n
common/convolve.c	highbd_convolve_2d_facade_single	MISSING	n
common/convolve.c	highbd_convolve_add_src_horiz_hip	MISSING	n
common/convolve.c	highbd_convolve_add_src_vert_hip	MISSING	n
common/convolve.c	highbd_horz_scalar_product	MISSING	n
common/convolve.c	highbd_vert_scalar_product	MISSING	n
common/convolve.c	horz_scalar_product	MISSING	n
common/scale.c	av1_scale_mv	ported	Y
common/scale.c	av1_setup_scale_factors_for_frame	ported	Y
common/scale.c	fixed_point_scale_to_coarse_point_scale	ported	n
common/scale.c	get_fixed_point_scale_factor	ported	n
common/mvref_common.c	add_ref_mv_candidate	ported	n
common/mvref_common.c	add_tpl_ref_mv	ported	n
common/mvref_common.c	av1_calculate_ref_frame_side	ported	Y
common/mvref_common.c	av1_copy_frame_mvs	ported	Y
common/mvref_common.c	av1_find_best_ref_mvs	ported	Y
common/mvref_common.c	av1_find_mv_refs	ported	Y
common/mvref_common.c	av1_get_mv_projection	ported	Y
common/mvref_common.c	av1_set_frame_refs	ported	Y
common/mvref_common.c	av1_setup_frame_buf_refs	MISSING	Y
common/mvref_common.c	av1_setup_frame_sign_bias	ported	Y
common/mvref_common.c	av1_setup_motion_field	ported	Y
common/mvref_common.c	av1_setup_skip_mode_allowed	ported	Y
common/mvref_common.c	check_sb_border	ported	n
common/mvref_common.c	compare_ref_frame_info	MISSING	n
common/mvref_common.c	get_block_position	ported	n
common/mvref_common.c	has_top_right	ported	n
common/mvref_common.c	motion_field_projection	ported	n
common/mvref_common.c	process_compound_ref_mv_candidate	ported	n
common/mvref_common.c	process_single_ref_mv_candidate	ported	n
common/mvref_common.c	record_samples	ported	n
common/mvref_common.c	scan_blk_mbmi	ported	n
common/mvref_common.c	scan_col_mbmi	ported	n
common/mvref_common.c	scan_row_mbmi	ported	n
common/mvref_common.c	set_ref_frame_info	MISSING	n
common/mvref_common.c	setup_ref_mv_list	ported	n
common/pred_common.c	av1_get_comp_reference_type_context	ported	Y
common/pred_common.c	av1_get_intra_inter_context	ported	Y
common/pred_common.c	av1_get_palette_cache	ported	Y
common/pred_common.c	av1_get_pred_context_comp_bwdref_p	MISSING	Y
common/pred_common.c	av1_get_pred_context_comp_bwdref_p1	MISSING	Y
common/pred_common.c	av1_get_pred_context_comp_ref_p	MISSING	Y
common/pred_common.c	av1_get_pred_context_comp_ref_p1	MISSING	Y
common/pred_common.c	av1_get_pred_context_comp_ref_p2	MISSING	Y
common/pred_common.c	av1_get_pred_context_single_ref_p1	ported	Y
common/pred_common.c	av1_get_pred_context_single_ref_p2	ported	Y
common/pred_common.c	av1_get_pred_context_single_ref_p3	ported	Y
common/pred_common.c	av1_get_pred_context_single_ref_p4	ported	Y
common/pred_common.c	av1_get_pred_context_single_ref_p5	ported	Y
common/pred_common.c	av1_get_pred_context_single_ref_p6	ported	Y
common/pred_common.c	av1_get_pred_context_switchable_interp	ported	Y
common/pred_common.c	av1_get_pred_context_uni_comp_ref_p	ported	Y
common/pred_common.c	av1_get_pred_context_uni_comp_ref_p1	ported	Y
common/pred_common.c	av1_get_pred_context_uni_comp_ref_p2	MISSING	Y
common/pred_common.c	av1_get_reference_mode_context	ported	Y
common/pred_common.c	get_pred_context_brf_or_arf2	ported	n
common/pred_common.c	get_pred_context_brfarf2_or_arf	ported	n
common/pred_common.c	get_pred_context_last3_or_gld	ported	n
common/pred_common.c	get_pred_context_last_or_last2	ported	n
common/pred_common.c	get_pred_context_ll2_or_l3gld	ported	n
common/pred_common.c	get_ref_filter_type	ported	n
common/pred_common.c	palette_add_to_cache	ported	n
encoder/global_motion.c	add_param_offset	ported	n
encoder/global_motion.c	av1_compute_feature_segmentation_map	ported	Y
encoder/global_motion.c	av1_convert_model_to_params	ported	Y
encoder/global_motion.c	av1_is_enough_erroradvantage	ported	Y
encoder/global_motion.c	av1_refine_integerized_param	ported	Y
encoder/global_motion.c	av1_segmented_frame_error	ported	Y
encoder/global_motion.c	convert_to_params	ported	n
encoder/global_motion.c	force_wmtype	ported	n
encoder/global_motion.c	generic_sad	ported	n
encoder/global_motion.c	generic_sad_highbd	ported	n
encoder/global_motion.c	get_warp_error	ported	n
encoder/global_motion.c	highbd_segmented_frame_error	ported	n
encoder/global_motion.c	highbd_warp_error	ported	n
encoder/global_motion.c	segmented_frame_error	ported	n
encoder/global_motion.c	warp_error	ported	n
encoder/global_motion_facade.c	av1_compute_global_motion_facade	MISSING	Y
encoder/global_motion_facade.c	av1_compute_gm_for_valid_ref_frames	MISSING	Y
encoder/global_motion_facade.c	compare_distance	MISSING	n
encoder/global_motion_facade.c	compute_global_motion_for_ref_frame	MISSING	n
encoder/global_motion_facade.c	compute_global_motion_for_references	MISSING	n
encoder/global_motion_facade.c	disable_gm_search_based_on_stats	MISSING	n
encoder/global_motion_facade.c	do_gm_search_logic	MISSING	n
encoder/global_motion_facade.c	global_motion_estimation	MISSING	n
encoder/global_motion_facade.c	gm_get_params_cost	MISSING	n
encoder/global_motion_facade.c	setup_global_motion_info_params	MISSING	n
encoder/global_motion_facade.c	update_valid_ref_frames_for_gm	MISSING	n
encoder/tx_search.c	av1_block_error_qm	ported	n
encoder/tx_search.c	av1_estimate_txfm_yrd	MISSING	Y
encoder/tx_search.c	av1_pick_recursive_tx_size_type_yrd	ported	Y
encoder/tx_search.c	av1_pick_uniform_tx_size_type_yrd	ported	Y
encoder/tx_search.c	av1_pixel_diff_dist	ported	Y
encoder/tx_search.c	av1_txfm_rd_in_plane	ported	Y
encoder/tx_search.c	av1_txfm_search	ported	Y
encoder/tx_search.c	av1_txfm_uvrd	ported	Y
encoder/tx_search.c	block_rd_txfm	ported	n
encoder/tx_search.c	check_bit_mask	ported	n
encoder/tx_search.c	choose_largest_tx_size	ported	n
encoder/tx_search.c	choose_smallest_tx_size	ported	n
encoder/tx_search.c	choose_tx_size_type_from_rd	ported	n
encoder/tx_search.c	cost_coeffs	ported	n
encoder/tx_search.c	dist_block_px_domain	ported	n
encoder/tx_search.c	dist_block_tx_domain	ported	n
encoder/tx_search.c	fetch_mb_rd_info	MISSING	n
encoder/tx_search.c	find_mb_rd_info	MISSING	n
encoder/tx_search.c	get_2x2_normalized_sses_and_sads	MISSING	n
encoder/tx_search.c	get_adaptive_thresholds	ported	n
encoder/tx_search.c	get_blk_var_dev	MISSING	n
encoder/tx_search.c	get_block_residue_hash	MISSING	n
encoder/tx_search.c	get_dev	ported	n
encoder/tx_search.c	get_diff_mean	MISSING	n
encoder/tx_search.c	get_energy_distribution_fine	ported	n
encoder/tx_search.c	get_energy_distribution_finer	ported	n
encoder/tx_search.c	get_est_rate_dist	MISSING	n
encoder/tx_search.c	get_highbd_diff_mean	MISSING	n
encoder/tx_search.c	get_mean	ported	n
encoder/tx_search.c	get_mean_dev_features	ported	n
encoder/tx_search.c	get_sad_norm	MISSING	n
encoder/tx_search.c	get_search_init_depth	ported	n
encoder/tx_search.c	get_sse	ported	n
encoder/tx_search.c	get_sse_norm	MISSING	n
encoder/tx_search.c	get_tx_mask	ported	n
encoder/tx_search.c	get_var	ported	n
encoder/tx_search.c	inter_block_yrd	MISSING	n
encoder/tx_search.c	inverse_transform_block_facade	MISSING	n
encoder/tx_search.c	ml_predict_intra_tx_depth_prune	ported	n
encoder/tx_search.c	ml_predict_tx_split	ported	n
encoder/tx_search.c	model_based_tx_search_prune	ported	n
encoder/tx_search.c	pixel_diff_stats	ported	n
encoder/tx_search.c	pixel_dist	ported	n
encoder/tx_search.c	pixel_dist_visible_only	ported	n
encoder/tx_search.c	predict_dc_only_block	ported	n
encoder/tx_search.c	predict_skip_txfm	ported	n
encoder/tx_search.c	prune_tx_split_eval_using_no_split_rd	MISSING	n
encoder/tx_search.c	prune_tx_split_no_split	MISSING	n
encoder/tx_search.c	prune_txk_type	ported	n
encoder/tx_search.c	prune_txk_type_separ	ported	n
encoder/tx_search.c	push_inter_block_tx_no_split_rd	MISSING	n
encoder/tx_search.c	recon_intra	ported	n
encoder/tx_search.c	save_mb_rd_info	MISSING	n
encoder/tx_search.c	search_tx_type	ported	n
encoder/tx_search.c	select_tx_block	ported	n
encoder/tx_search.c	select_tx_size_and_type	ported	n
encoder/tx_search.c	set_bit_mask	ported	n
encoder/tx_search.c	set_skip_txfm	ported	n
encoder/tx_search.c	skip_trellis_opt_based_on_satd	ported	n
encoder/tx_search.c	sort_rd	ported	n
encoder/tx_search.c	try_tx_block_no_split	ported	n
encoder/tx_search.c	try_tx_block_split	ported	n
encoder/tx_search.c	tx_block_yrd	MISSING	n
encoder/tx_search.c	tx_type_rd	MISSING	n
encoder/tx_search.c	uniform_txfm_yrd	ported	n
encoder/tx_search.c	unset_bit_mask	ported	n
encoder/tx_search.c	update_txb_coeff_cost	MISSING	n
encoder/encodemb.c	av1_dropout_qcoeff	ported	Y
encoder/encodemb.c	av1_dropout_qcoeff_num	MISSING	Y
encoder/encodemb.c	av1_encode_intra_block_plane	ported	Y
encoder/encodemb.c	av1_encode_sb	ported	Y
encoder/encodemb.c	av1_encode_sby_pass1	MISSING	Y
encoder/encodemb.c	av1_foreach_transformed_block_in_plane	ported	Y
encoder/encodemb.c	av1_optimize_b	ported	Y
encoder/encodemb.c	av1_quant	ported	Y
encoder/encodemb.c	av1_setup_qmatrix	ported	Y
encoder/encodemb.c	av1_setup_quant	ported	Y
encoder/encodemb.c	av1_setup_xform	MISSING	Y
encoder/encodemb.c	av1_subtract_block	ported	Y
encoder/encodemb.c	av1_subtract_plane	ported	Y
encoder/encodemb.c	av1_subtract_txb	ported	Y
encoder/encodemb.c	av1_xform	ported	Y
encoder/encodemb.c	av1_xform_dc_only	ported	Y
encoder/encodemb.c	av1_xform_quant	ported	Y
encoder/encodemb.c	encode_block	ported	n
encoder/encodemb.c	encode_block_inter	ported	n
encoder/encodemb.c	encode_block_intra	ported	n
encoder/encodemb.c	encode_block_intra_and_set_context	ported	n
encoder/encodemb.c	encode_block_pass1	MISSING	n
encoder/txb_rdopt.c	av1_cost_coeffs_txb	ported	Y
encoder/txb_rdopt.c	av1_cost_coeffs_txb_estimate	ported	n
encoder/txb_rdopt.c	av1_cost_coeffs_txb_laplacian	ported	Y
encoder/txb_rdopt.c	av1_optimize_txb	ported	Y
encoder/txb_rdopt.c	get_tx_type_cost	ported	n
encoder/txb_rdopt.c	update_coeff_eob	ported	n
encoder/txb_rdopt.c	update_coeff_eob_facade	MISSING	n
encoder/txb_rdopt.c	update_coeff_general	ported	n
encoder/txb_rdopt.c	update_coeff_simple	ported	n
encoder/txb_rdopt.c	update_coeff_simple_facade	MISSING	n
encoder/txb_rdopt.c	update_skip	ported	n
encoder/txb_rdopt.c	warehouse_efficients_txb	ported	n
encoder/txb_rdopt.c	warehouse_efficients_txb_laplacian	ported	n
encoder/encodetxb.c	av1_alloc_txb_buf	MISSING	Y
encoder/encodetxb.c	av1_free_txb_buf	MISSING	Y
encoder/encodetxb.c	av1_get_cb_coeff_buffer	MISSING	Y
encoder/encodetxb.c	av1_get_eob_pos_token	ported	Y
encoder/encodetxb.c	av1_get_nz_map_contexts_c	ported	Y
encoder/encodetxb.c	av1_get_txb_entropy_context	ported	Y
encoder/encodetxb.c	av1_record_txb_context	ported	Y
encoder/encodetxb.c	av1_txb_init_levels_c	ported	Y
encoder/encodetxb.c	av1_update_and_record_txb_context	ported	Y
encoder/encodetxb.c	av1_update_intra_mb_txb_context	ported	Y
encoder/encodetxb.c	av1_write_coeffs_txb	ported	Y
encoder/encodetxb.c	av1_write_intra_coeffs_mb	ported	Y
encoder/encodetxb.c	get_nz_map_ctx	ported	n
encoder/encodetxb.c	update_eob_context	MISSING	n
encoder/encodetxb.c	update_tx_type_count	ported	n
encoder/encodetxb.c	write_golomb	ported	n
encoder/tokenize.c	av1_cost_color_map	ported	Y
encoder/tokenize.c	av1_fast_palette_color_index_context	ported	n
encoder/tokenize.c	av1_fast_palette_color_index_context_on_edge	MISSING	n
encoder/tokenize.c	av1_tokenize_color_map	MISSING	Y
encoder/tokenize.c	av1_tokenize_sb_vartx	ported	Y
encoder/tokenize.c	cost_and_tokenize_map	ported	n
encoder/tokenize.c	get_color_map_params	MISSING	n
encoder/tokenize.c	get_palette_params	MISSING	n
encoder/tokenize.c	tokenize_vartx	MISSING	n
encoder/partition_search.c	ab_partitions_search	ported	n
encoder/partition_search.c	accumulate_partition_timing_stats	MISSING	n
encoder/partition_search.c	allow_ab_partition_search	ported	n
encoder/partition_search.c	av1_nonrd_pick_partition	MISSING	n
encoder/partition_search.c	av1_nonrd_use_partition	ported	Y
encoder/partition_search.c	av1_rd_partition_search	MISSING	n
encoder/partition_search.c	av1_rd_pick_partition	ported	Y
encoder/partition_search.c	av1_rd_use_partition	ported	Y
encoder/partition_search.c	av1_reset_part_sf	ported	n
encoder/partition_search.c	av1_reset_sf_for_ext_part	MISSING	n
encoder/partition_search.c	av1_set_offsets	ported	Y
encoder/partition_search.c	av1_set_offsets_without_segment_id	ported	Y
encoder/partition_search.c	build_pc_tree_from_part_decision	MISSING	n
encoder/partition_search.c	calc_do_split_flag	MISSING	n
encoder/partition_search.c	collect_tpl_stats_sb	MISSING	n
encoder/partition_search.c	copy_mbmi_ext_frame_to_mbmi_ext	MISSING	n
encoder/partition_search.c	copy_partition_mode_from_mode_context	MISSING	n
encoder/partition_search.c	copy_partition_mode_from_pc_tree	ported	n
encoder/partition_search.c	direct_partition_merging	ported	n
encoder/partition_search.c	duplicate_mode_info_in_sb	MISSING	n
encoder/partition_search.c	encode_b	ported	n
encoder/partition_search.c	encode_b_nonrd	ported	n
encoder/partition_search.c	encode_sb	ported	n
encoder/partition_search.c	encode_superblock	ported	n
encoder/partition_search.c	end_partition_block_timer	MISSING	n
encoder/partition_search.c	fill_mode_info_sb	MISSING	n
encoder/partition_search.c	get_force_zeromv_skip_flag_for_blk	ported	n
encoder/partition_search.c	get_split_partition_penalty	MISSING	n
encoder/partition_search.c	get_valid_partition_types	MISSING	n
encoder/partition_search.c	hybrid_intra_mode_search	ported	n
encoder/partition_search.c	init_partition_block_timing_stats	MISSING	n
encoder/partition_search.c	init_partition_search_state_params	ported	n
encoder/partition_search.c	is_adjust_var_based_part_enabled	ported	n
encoder/partition_search.c	is_neighbor_blk_larger_than_cur_blk	ported	n
encoder/partition_search.c	is_rect_part_allowed	ported	n
encoder/partition_search.c	log_sub_block_var	ported	n
encoder/partition_search.c	ml_partition_search_partial	MISSING	n
encoder/partition_search.c	ml_partition_search_whole_tree	MISSING	n
encoder/partition_search.c	ml_predict_var_partitioning	MISSING	n
encoder/partition_search.c	none_partition_search	ported	n
encoder/partition_search.c	pick_sb_modes	ported	n
encoder/partition_search.c	pick_sb_modes_nonrd	ported	n
encoder/partition_search.c	prepare_sb_features_before_search	MISSING	n
encoder/partition_search.c	prepare_tpl_stats_block	MISSING	n
encoder/partition_search.c	print_partition_timing_stats	MISSING	n
encoder/partition_search.c	print_partition_timing_stats_with_rdcost	MISSING	n
encoder/partition_search.c	prune_4_partition_using_split_info	ported	n
encoder/partition_search.c	prune_4_way_partition_search	ported	n
encoder/partition_search.c	prune_ext_part_none_skippable	ported	n
encoder/partition_search.c	prune_part4_using_sms	MISSING	n
encoder/partition_search.c	prune_partitions_after_none	ported	n
encoder/partition_search.c	prune_partitions_after_split	ported	n
encoder/partition_search.c	prune_rect_part_using_none_pred_mode	ported	n
encoder/partition_search.c	rd_pick_4partition	ported	n
encoder/partition_search.c	rd_pick_ab_part	ported	n
encoder/partition_search.c	rd_pick_rect_partition	ported	n
encoder/partition_search.c	rd_search_for_fixed_partition	MISSING	n
encoder/partition_search.c	rd_test_partition3	ported	n
encoder/partition_search.c	rd_try_subblock	ported	n
encoder/partition_search.c	read_partition_tree	MISSING	n
encoder/partition_search.c	rectangular_partition_search	ported	n
encoder/partition_search.c	recursive_partition	MISSING	n
encoder/partition_search.c	reset_part_limitations	MISSING	n
encoder/partition_search.c	set_4_part_ctx_and_rdcost	ported	n
encoder/partition_search.c	set_mi_pos_partition4	MISSING	n
encoder/partition_search.c	set_mode_cache_for_partition_ab	ported	n
encoder/partition_search.c	set_mode_search_ctx	ported	n
encoder/partition_search.c	set_none_partition_params	ported	n
encoder/partition_search.c	set_partition_cost_for_edge_blk	ported	n
encoder/partition_search.c	set_sms_tree_partitioning	MISSING	n
encoder/partition_search.c	set_txfm_context	ported	n
encoder/partition_search.c	setup_block_rdmult	ported	n
encoder/partition_search.c	should_do_dry_run_encode_for_current_block	ported	n
encoder/partition_search.c	split_partition_search	ported	n
encoder/partition_search.c	start_partition_block_timer	MISSING	n
encoder/partition_search.c	store_partition_data	MISSING	n
encoder/partition_search.c	try_merge	ported	n
encoder/partition_search.c	try_split_partition	ported	n
encoder/partition_search.c	tx_partition_count_update	ported	n
encoder/partition_search.c	tx_partition_set_contexts	ported	n
encoder/partition_search.c	update_partition_stats	MISSING	n
encoder/partition_search.c	update_stats	ported	n
encoder/partition_search.c	update_txfm_count	ported	n
encoder/partition_search.c	update_zeromv_cnt	MISSING	n
encoder/partition_search.c	verify_write_partition_tree	MISSING	n
encoder/partition_search.c	wait_for_top_right_sb	MISSING	n
encoder/partition_search.c	write_partition_tree	MISSING	n
encoder/partition_strategy.c	add_rd_feature	MISSING	n
encoder/partition_strategy.c	av1_collect_motion_search_features_sb	MISSING	Y
encoder/partition_strategy.c	av1_get_max_min_partition_features	MISSING	Y
encoder/partition_strategy.c	av1_init_simple_motion_search_mvs_for_sb	MISSING	Y
encoder/partition_strategy.c	av1_ml_early_term_after_split	ported	Y
encoder/partition_strategy.c	av1_ml_predict_breakout	ported	Y
encoder/partition_strategy.c	av1_ml_prune_4_partition	ported	Y
encoder/partition_strategy.c	av1_ml_prune_rect_partition	ported	Y
encoder/partition_strategy.c	av1_predict_max_partition	MISSING	Y
encoder/partition_strategy.c	av1_prepare_motion_search_features_block	MISSING	n
encoder/partition_strategy.c	av1_prune_ab_partitions	ported	Y
encoder/partition_strategy.c	av1_prune_partitions_before_search	ported	Y
encoder/partition_strategy.c	av1_prune_partitions_by_max_min_bsize	ported	Y
encoder/partition_strategy.c	av1_simple_motion_search_early_term_none	ported	Y
encoder/partition_strategy.c	convert_bsize_to_idx	ported	n
encoder/partition_strategy.c	evaluate_ab_partition_based_on_split	ported	n
encoder/partition_strategy.c	ext_ml_model_decision_after_none	MISSING	n
encoder/partition_strategy.c	ext_ml_model_decision_after_none_part2	MISSING	n
encoder/partition_strategy.c	ext_ml_model_decision_after_part_ab	ported	n
encoder/partition_strategy.c	ext_ml_model_decision_after_rect	ported	n
encoder/partition_strategy.c	ext_ml_model_decision_after_split	MISSING	n
encoder/partition_strategy.c	ext_ml_model_decision_after_split_part2	MISSING	n
encoder/partition_strategy.c	ext_ml_model_decision_before_none	MISSING	n
encoder/partition_strategy.c	ext_ml_model_decision_before_none_part2	MISSING	n
encoder/partition_strategy.c	get_block_size	MISSING	n
encoder/partition_strategy.c	get_feature_file_name	MISSING	n
encoder/partition_strategy.c	get_min_bsize	MISSING	n
encoder/partition_strategy.c	get_simple_motion_search_prune_agg	MISSING	n
encoder/partition_strategy.c	init_simple_motion_search_mvs	MISSING	n
encoder/partition_strategy.c	intra_mode_cnn_partition	ported	n
encoder/partition_strategy.c	is_bsize_square	MISSING	n
encoder/partition_strategy.c	ml_prune_ab_partition	ported	n
encoder/partition_strategy.c	prepare_features_after_part_ab	MISSING	n
encoder/partition_strategy.c	setup_sms_tree	MISSING	n
encoder/partition_strategy.c	simple_motion_search_based_split	MISSING	n
encoder/partition_strategy.c	simple_motion_search_get_best_ref	MISSING	n
encoder/partition_strategy.c	simple_motion_search_prune_part_features	MISSING	n
encoder/partition_strategy.c	simple_motion_search_prune_rect	ported	n
encoder/partition_strategy.c	write_features_to_file	MISSING	n
encoder/partition_strategy.c	write_motion_feature_to_file	MISSING	n
encoder/encodeframe.c	adjust_rdmult_tpl_model	MISSING	n
encoder/encodeframe.c	allow_deltaq_mode	MISSING	n
encoder/encodeframe.c	aom_get_variance_boost_delta_q_res	ported	n
encoder/encodeframe.c	av1_accumulate_rtc_counters	MISSING	Y
encoder/encodeframe.c	av1_alloc_tile_data	MISSING	Y
encoder/encodeframe.c	av1_encode_frame	ported	Y
encoder/encodeframe.c	av1_encode_sb_row	ported	Y
encoder/encodeframe.c	av1_encode_tile	ported	Y
encoder/encodeframe.c	av1_get_perpixel_variance	ported	Y
encoder/encodeframe.c	av1_get_perpixel_variance_facade	ported	Y
encoder/encodeframe.c	av1_init_rtc_counters	MISSING	Y
encoder/encodeframe.c	av1_init_tile_data	ported	Y
encoder/encodeframe.c	av1_setup_src_planes	ported	Y
encoder/encodeframe.c	check_mv_err_and_update	MISSING	n
encoder/encodeframe.c	check_skip_mode_enabled	MISSING	n
encoder/encodeframe.c	check_to_disable_ref_frame_mvs	MISSING	n
encoder/encodeframe.c	compare_score_data_asc	MISSING	n
encoder/encodeframe.c	delay_wait_for_top_right_sb	MISSING	n
encoder/encodeframe.c	encode_frame_internal	ported	n
encoder/encodeframe.c	encode_nonrd_sb	ported	n
encoder/encodeframe.c	encode_rd_sb	ported	n
encoder/encodeframe.c	encode_sb_row	ported	n
encoder/encodeframe.c	encode_tiles	MISSING	n
encoder/encodeframe.c	free_block_hash_buffers	MISSING	n
encoder/encodeframe.c	get_estimated_pred	MISSING	n
encoder/encodeframe.c	get_mv_err	MISSING	n
encoder/encodeframe.c	get_sb_source_sad	MISSING	n
encoder/encodeframe.c	get_skip_mode_ref_offsets	MISSING	n
encoder/encodeframe.c	get_spatial_mvpred_err	MISSING	n
encoder/encodeframe.c	get_temporal_mvpred_err	MISSING	n
encoder/encodeframe.c	get_thresh_based_on_q	MISSING	n
encoder/encodeframe.c	get_token_start	MISSING	n
encoder/encodeframe.c	get_var_offs	MISSING	n
encoder/encodeframe.c	grade_source_content_sb	MISSING	n
encoder/encodeframe.c	init_encode_frame_mb_context	MISSING	n
encoder/encodeframe.c	init_encode_rd_sb	MISSING	n
encoder/encodeframe.c	init_ref_frame_space	MISSING	n
encoder/encodeframe.c	is_calc_src_content_needed	MISSING	n
encoder/encodeframe.c	is_inside_frame_border	MISSING	n
encoder/encodeframe.c	is_mode_coeff_dv_upd_freq_tile_or_off	MISSING	n
encoder/encodeframe.c	populate_thresh_to_force_zeromv_skip	MISSING	n
encoder/encodeframe.c	populate_token_count	MISSING	n
encoder/encodeframe.c	refs_are_one_sided	MISSING	n
encoder/encodeframe.c	sb_qp_sweep	ported	n
encoder/encodeframe.c	sb_qp_sweep_init_quantizers	MISSING	n
encoder/encodeframe.c	set_default_interp_skip_flags	MISSING	n
encoder/encodeframe.c	set_rel_frame_dist	MISSING	n
encoder/encodeframe.c	setup_delta_q	ported	n
encoder/encodeframe.c	setup_delta_q_nonrd	MISSING	n
encoder/encodeframe.c	setup_keep_ref_frame_mask	MISSING	n
encoder/encodeframe.c	setup_prune_ref_frame_mask	MISSING	n
encoder/encodeframe_utils.c	av1_active_h_edge	MISSING	Y
encoder/encodeframe_utils.c	av1_active_v_edge	MISSING	Y
encoder/encodeframe_utils.c	av1_alloc_src_diff_buf	MISSING	Y
encoder/encodeframe_utils.c	av1_avg_cdf_symbols	MISSING	Y
encoder/encodeframe_utils.c	av1_backup_sb_state	MISSING	Y
encoder/encodeframe_utils.c	av1_dealloc_src_diff_buf	MISSING	Y
encoder/encodeframe_utils.c	av1_get_cb_rdmult	MISSING	Y
encoder/encodeframe_utils.c	av1_get_q_for_deltaq_objective	MISSING	Y
encoder/encodeframe_utils.c	av1_get_q_for_hdr	MISSING	Y
encoder/encodeframe_utils.c	av1_get_rdmult_delta	MISSING	Y
encoder/encodeframe_utils.c	av1_get_tpl_stats_sb	MISSING	Y
encoder/encodeframe_utils.c	av1_is_leaf_split_partition	MISSING	Y
encoder/encodeframe_utils.c	av1_reset_mbmi	MISSING	Y
encoder/encodeframe_utils.c	av1_reset_simple_motion_tree_partition	MISSING	Y
encoder/encodeframe_utils.c	av1_restore_context	ported	Y
encoder/encodeframe_utils.c	av1_restore_sb_state	MISSING	Y
encoder/encodeframe_utils.c	av1_save_context	ported	Y
encoder/encodeframe_utils.c	av1_set_cost_upd_freq	ported	Y
encoder/encodeframe_utils.c	av1_set_fixed_partitioning	MISSING	Y
encoder/encodeframe_utils.c	av1_set_saliency_map_vmaf_rdmult	MISSING	n
encoder/encodeframe_utils.c	av1_set_ssim_rdmult	MISSING	Y
encoder/encodeframe_utils.c	av1_source_content_sb	MISSING	Y
encoder/encodeframe_utils.c	av1_sum_intra_stats	ported	Y
encoder/encodeframe_utils.c	av1_update_inter_mode_stats	MISSING	Y
encoder/encodeframe_utils.c	av1_update_picked_ref_frames_mask	MISSING	Y
encoder/encodeframe_utils.c	av1_update_state	ported	Y
encoder/encodeframe_utils.c	avg_cdf_symbol	MISSING	n
encoder/encodeframe_utils.c	avg_nmv	MISSING	n
encoder/encodeframe_utils.c	check_neighbor_blocks	MISSING	n
encoder/encodeframe_utils.c	copy_mbmi_ext_frame_to_mbmi_ext	MISSING	n
encoder/encodeframe_utils.c	fast_detect_non_zero_motion	MISSING	n
encoder/encodeframe_utils.c	set_partial_sb_partition	MISSING	n
encoder/encodeframe_utils.c	skip_cost_update	ported	n
encoder/encodeframe_utils.c	skip_dv_cost_update	MISSING	n
encoder/encodeframe_utils.c	skip_mv_cost_update	MISSING	n
encoder/encodeframe_utils.c	update_filter_type_count	MISSING	n
encoder/encodeframe_utils.c	update_palette_cdf	ported	n
encoder/context_tree.c	av1_alloc_pc_tree_node	MISSING	Y
encoder/context_tree.c	av1_alloc_pmc	MISSING	Y
encoder/context_tree.c	av1_copy_tree_context	MISSING	Y
encoder/context_tree.c	av1_free_pc_tree_recursive	MISSING	Y
encoder/context_tree.c	av1_free_pmc	MISSING	Y
encoder/context_tree.c	av1_free_shared_coeff_buffer	MISSING	Y
encoder/context_tree.c	av1_free_sms_tree	MISSING	Y
encoder/context_tree.c	av1_reset_pmc	MISSING	Y
encoder/context_tree.c	av1_setup_shared_coeff_buffer	MISSING	Y
encoder/context_tree.c	av1_setup_sms_tree	MISSING	Y
encoder/rd.c	av1_adjust_q_from_delta_q_res	ported	Y
encoder/rd.c	av1_compute_rd_mult	ported	Y
encoder/rd.c	av1_compute_rd_mult_based_on_qindex	ported	Y
encoder/rd.c	av1_fill_coeff_costs	ported	Y
encoder/rd.c	av1_fill_dv_costs	ported	Y
encoder/rd.c	av1_fill_lr_rates	ported	Y
encoder/rd.c	av1_fill_mode_rates	ported	Y
encoder/rd.c	av1_fill_mv_costs	MISSING	Y
encoder/rd.c	av1_get_adaptive_rdmult	MISSING	Y
encoder/rd.c	av1_get_deltaq_offset	ported	Y
encoder/rd.c	av1_get_entropy_contexts	ported	Y
encoder/rd.c	av1_get_intra_cost_penalty	MISSING	Y
encoder/rd.c	av1_get_scaled_ref_frame	MISSING	Y
encoder/rd.c	av1_get_switchable_rate	ported	Y
encoder/rd.c	av1_init_me_luts	ported	Y
encoder/rd.c	av1_initialize_rd_consts	MISSING	Y
encoder/rd.c	av1_model_rd_curvfit	ported	Y
encoder/rd.c	av1_model_rd_from_var_lapndz	ported	Y
encoder/rd.c	av1_mv_pred	MISSING	Y
encoder/rd.c	av1_set_rd_speed_thresholds	MISSING	Y
encoder/rd.c	av1_set_sad_per_bit	ported	Y
encoder/rd.c	av1_setup_pred_block	MISSING	Y
encoder/rd.c	av1_update_rd_thresh_fact	MISSING	Y
encoder/rd.c	compute_rd_thresh_factor	MISSING	n
encoder/rd.c	def_arf_rd_multiplier	ported	n
encoder/rd.c	def_inter_rd_multiplier	ported	n
encoder/rd.c	def_kf_rd_multiplier	ported	n
encoder/rd.c	enc_clamp_mv	MISSING	n
encoder/rd.c	get_entropy_contexts_plane	MISSING	n
encoder/rd.c	init_me_luts	ported	n
encoder/rd.c	init_me_luts_bd	ported	n
encoder/rd.c	interp_bicubic	MISSING	n
encoder/rd.c	interp_cubic	ported	n
encoder/rd.c	is_frame_level_cost_upd_freq_set	MISSING	n
encoder/rd.c	model_rd_norm	ported	n
encoder/rd.c	populate_unified_cost_update_freq	MISSING	n
encoder/rd.c	set_block_thresholds	MISSING	n
encoder/rd.c	should_force_mode_cost_update	ported	n
encoder/rd.c	sse_norm_curvfit_model_cat_lookup	ported	n
encoder/rd.c	update_thr_fact	MISSING	n
encoder/segmentation.c	av1_clear_segdata	MISSING	Y
encoder/segmentation.c	av1_disable_segfeature	MISSING	Y
encoder/segmentation.c	av1_disable_segmentation	MISSING	Y
encoder/segmentation.c	av1_enable_segmentation	MISSING	Y
encoder/segmentation.c	av1_reset_segment_features	MISSING	Y
encoder/encode_strategy.c	add_ref_to_slot	MISSING	n
encoder/encode_strategy.c	adjust_frame_rate	MISSING	n
encoder/encode_strategy.c	allow_show_existing	MISSING	n
encoder/encode_strategy.c	av1_calc_refresh_idx_for_intnl_arf	MISSING	Y
encoder/encode_strategy.c	av1_configure_buffer_updates	MISSING	Y
encoder/encode_strategy.c	av1_encode_strategy	ported	Y
encoder/encode_strategy.c	av1_get_ref_frames	MISSING	Y
encoder/encode_strategy.c	av1_get_refresh_frame_flags	ported	Y
encoder/encode_strategy.c	av1_get_refresh_ref_frame_map	MISSING	Y
encoder/encode_strategy.c	choose_frame_source	MISSING	n
encoder/encode_strategy.c	choose_primary_ref_frame	MISSING	n
encoder/encode_strategy.c	compare_map_idx_pair_asc	MISSING	n
encoder/encode_strategy.c	denoise_and_encode	MISSING	n
encoder/encode_strategy.c	dump_one_image	MISSING	n
encoder/encode_strategy.c	dump_ref_frame_images	MISSING	n
encoder/encode_strategy.c	get_free_ref_map_index	MISSING	n
encoder/encode_strategy.c	get_new_fb_map_idx_rc	MISSING	n
encoder/encode_strategy.c	get_refresh_idx	MISSING	n
encoder/encode_strategy.c	is_forced_keyframe_pending	MISSING	Y
encoder/encode_strategy.c	is_in_ref_map	MISSING	n
encoder/encode_strategy.c	set_additional_frame_flags	MISSING	n
encoder/encode_strategy.c	set_ext_overrides	MISSING	n
encoder/encode_strategy.c	set_refresh_frame_flags	MISSING	n
encoder/encode_strategy.c	set_unmapped_ref	MISSING	n
encoder/encode_strategy.c	update_frame_flags	MISSING	n
encoder/gop_structure.c	av1_gop_check_forward_keyframe	MISSING	Y
encoder/gop_structure.c	av1_gop_is_second_arf	MISSING	Y
encoder/gop_structure.c	av1_gop_setup_structure	MISSING	Y
encoder/gop_structure.c	construct_gop_structure_from_rc	MISSING	n
encoder/gop_structure.c	construct_multi_layer_gf_structure	MISSING	n
encoder/gop_structure.c	fill_arf_frame_stats	MISSING	n
encoder/gop_structure.c	set_frame_parallel_level	MISSING	n
encoder/gop_structure.c	set_ld_layer_depth	MISSING	n
encoder/gop_structure.c	set_multi_layer_params	MISSING	n
encoder/gop_structure.c	set_multi_layer_params_for_fp	MISSING	n
encoder/gop_structure.c	set_multi_layer_params_for_gf14	MISSING	n
encoder/gop_structure.c	set_params_for_cur_layer_frames	MISSING	n
encoder/gop_structure.c	set_params_for_internal_arfs	MISSING	n
encoder/gop_structure.c	set_params_for_internal_arfs_in_gf14	MISSING	n
encoder/gop_structure.c	set_params_for_intnl_overlay_frames	MISSING	n
encoder/gop_structure.c	set_params_for_leaf_frames	MISSING	n
encoder/gop_structure.c	set_src_offset	MISSING	n
encoder/ratectrl.c	adjust_active_best_and_worst_quality	MISSING	n
encoder/ratectrl.c	adjust_q_cbr	MISSING	n
encoder/ratectrl.c	adjust_rtc_keyframe	MISSING	n
encoder/ratectrl.c	av1_adjust_gf_refresh_qp_one_pass_rt	MISSING	Y
encoder/ratectrl.c	av1_calc_iframe_target_size_one_pass_cbr	MISSING	Y
encoder/ratectrl.c	av1_calc_iframe_target_size_one_pass_vbr	MISSING	Y
encoder/ratectrl.c	av1_calc_pframe_target_size_one_pass_cbr	MISSING	Y
encoder/ratectrl.c	av1_calc_pframe_target_size_one_pass_vbr	MISSING	Y
encoder/ratectrl.c	av1_compute_qdelta	ported	Y
encoder/ratectrl.c	av1_compute_qdelta_by_rate	ported	Y
encoder/ratectrl.c	av1_convert_q_to_qindex	ported	Y
encoder/ratectrl.c	av1_convert_qindex_to_q	ported	Y
encoder/ratectrl.c	av1_encodedframe_overshoot_cbr	MISSING	Y
encoder/ratectrl.c	av1_estimate_bits_at_q	MISSING	Y
encoder/ratectrl.c	av1_find_qindex	ported	Y
encoder/ratectrl.c	av1_get_one_pass_rt_params	MISSING	Y
encoder/ratectrl.c	av1_postencode_drop_cbr	MISSING	Y
encoder/ratectrl.c	av1_primary_rc_init	MISSING	Y
encoder/ratectrl.c	av1_rc_bits_per_mb	ported	Y
encoder/ratectrl.c	av1_rc_compute_frame_size_bounds	MISSING	Y
encoder/ratectrl.c	av1_rc_drop_frame	MISSING	Y
encoder/ratectrl.c	av1_rc_get_default_min_gf_interval	MISSING	Y
encoder/ratectrl.c	av1_rc_init	ported	Y
encoder/ratectrl.c	av1_rc_init_minq_luts	ported	Y
encoder/ratectrl.c	av1_rc_pick_q_and_bounds	ported	Y
encoder/ratectrl.c	av1_rc_postencode_update	MISSING	Y
encoder/ratectrl.c	av1_rc_postencode_update_drop_frame	MISSING	Y
encoder/ratectrl.c	av1_rc_regulate_q	MISSING	Y
encoder/ratectrl.c	av1_rc_scene_detection_onepass_rt	MISSING	Y
encoder/ratectrl.c	av1_rc_set_frame_target	MISSING	Y
encoder/ratectrl.c	av1_rc_update_framerate	MISSING	Y
encoder/ratectrl.c	av1_rc_update_rate_correction_factors	MISSING	Y
encoder/ratectrl.c	av1_set_rtc_reference_structure_one_layer	MISSING	Y
encoder/ratectrl.c	av1_set_target_rate	ported	Y
encoder/ratectrl.c	calc_active_best_quality_no_stats_cbr	MISSING	n
encoder/ratectrl.c	calc_active_worst_quality_no_stats_cbr	MISSING	n
encoder/ratectrl.c	calc_active_worst_quality_no_stats_vbr	MISSING	n
encoder/ratectrl.c	check_buffer_below_thresh	MISSING	n
encoder/ratectrl.c	clamp_iframe_target_size	MISSING	n
encoder/ratectrl.c	clamp_pframe_target_size	MISSING	n
encoder/ratectrl.c	dynamic_resize_one_pass_cbr	MISSING	n
encoder/ratectrl.c	estimate_scroll_motion	MISSING	n
encoder/ratectrl.c	find_closest_qindex_by_rate	MISSING	n
encoder/ratectrl.c	find_qindex_by_rate	ported	n
encoder/ratectrl.c	frame_type_qdelta	MISSING	n
encoder/ratectrl.c	get_active_best_quality	ported	n
encoder/ratectrl.c	get_active_cq_level	MISSING	n
encoder/ratectrl.c	get_active_quality	MISSING	n
encoder/ratectrl.c	get_bits_per_mb	ported	n
encoder/ratectrl.c	get_bpmb_enumerator	ported	n
encoder/ratectrl.c	get_default_max_gf_interval	MISSING	n
encoder/ratectrl.c	get_gf_active_quality	MISSING	n
encoder/ratectrl.c	get_gf_active_quality_no_rc	MISSING	n
encoder/ratectrl.c	get_gf_high_motion_quality	MISSING	n
encoder/ratectrl.c	get_init_ratio	MISSING	n
encoder/ratectrl.c	get_intra_q_and_bounds	ported	n
encoder/ratectrl.c	get_kf_active_quality	MISSING	n
encoder/ratectrl.c	get_minq_index	MISSING	n
encoder/ratectrl.c	get_q	ported	n
encoder/ratectrl.c	get_q_passive_strategy	MISSING	n
encoder/ratectrl.c	get_rate_correction_factor	MISSING	n
encoder/ratectrl.c	get_rate_factor_level	MISSING	n
encoder/ratectrl.c	gf_group_pyramid_level	MISSING	n
encoder/ratectrl.c	init_minq_luts	ported	n
encoder/ratectrl.c	rc_compute_variance_onepass_rt	MISSING	n
encoder/ratectrl.c	rc_init_minq_luts	ported	n
encoder/ratectrl.c	rc_pick_q_and_bounds	ported	n
encoder/ratectrl.c	rc_pick_q_and_bounds_no_stats	ported	n
encoder/ratectrl.c	rc_pick_q_and_bounds_no_stats_cbr	MISSING	n
encoder/ratectrl.c	rc_pick_q_and_bounds_no_stats_cq	ported	n
encoder/ratectrl.c	rc_pick_q_and_bounds_q_mode	ported	n
encoder/ratectrl.c	rc_spatial_act_onepass_rt	MISSING	n
encoder/ratectrl.c	resize_rate_factor	MISSING	n
encoder/ratectrl.c	resize_reset_rc	MISSING	n
encoder/ratectrl.c	set_baseline_gf_interval	MISSING	n
encoder/ratectrl.c	set_block_is_active	MISSING	n
encoder/ratectrl.c	set_flag_rps_bias_recovery_frame	MISSING	n
encoder/ratectrl.c	set_gf_interval_range	MISSING	n
encoder/ratectrl.c	set_gf_interval_update_onepass_rt	MISSING	n
encoder/ratectrl.c	set_golden_update	MISSING	n
encoder/ratectrl.c	set_key_frame	MISSING	n
encoder/ratectrl.c	set_rate_correction_factor	MISSING	n
encoder/ratectrl.c	update_alt_ref_frame_stats	MISSING	n
encoder/ratectrl.c	update_buffer_level	MISSING	n
encoder/ratectrl.c	update_golden_frame_stats	MISSING	n
encoder/ratectrl.c	update_layer_buffer_level	MISSING	n
encoder/ratectrl.c	vbr_rate_correction	MISSING	n
encoder/firstpass.c	accumulate_frame_stats	MISSING	n
encoder/firstpass.c	accumulate_mv_stats	MISSING	n
encoder/firstpass.c	av1_accumulate_stats	MISSING	Y
encoder/firstpass.c	av1_end_first_pass	MISSING	Y
encoder/firstpass.c	av1_first_pass	ported	Y
encoder/firstpass.c	av1_first_pass_row	MISSING	Y
encoder/firstpass.c	av1_firstpass_info_future_count	MISSING	Y
encoder/firstpass.c	av1_firstpass_info_init	MISSING	Y
encoder/firstpass.c	av1_firstpass_info_move_cur_index	MISSING	Y
encoder/firstpass.c	av1_firstpass_info_move_cur_index_and_pop	MISSING	Y
encoder/firstpass.c	av1_firstpass_info_peek	MISSING	Y
encoder/firstpass.c	av1_firstpass_info_pop	MISSING	Y
encoder/firstpass.c	av1_firstpass_info_push	MISSING	Y
encoder/firstpass.c	av1_free_firstpass_data	MISSING	Y
encoder/firstpass.c	av1_get_first_pass_search_site_config	MISSING	n
encoder/firstpass.c	av1_get_unit_cols_in_tile	MISSING	Y
encoder/firstpass.c	av1_get_unit_rows_in_tile	MISSING	Y
encoder/firstpass.c	av1_noop_first_pass_frame	MISSING	Y
encoder/firstpass.c	av1_twopass_zero_stats	MISSING	Y
encoder/firstpass.c	calc_wavelet_energy	MISSING	n
encoder/firstpass.c	copy_rect	ported	n
encoder/firstpass.c	find_fp_qindex	MISSING	n
encoder/firstpass.c	first_pass_intra_pred_and_calc_diff	MISSING	n
encoder/firstpass.c	first_pass_motion_search	MISSING	n
encoder/firstpass.c	first_pass_predict_intra_block_for_luma_plane	MISSING	n
encoder/firstpass.c	first_pass_tile	MISSING	n
encoder/firstpass.c	first_pass_tiles	MISSING	n
encoder/firstpass.c	firstpass_inter_prediction	MISSING	n
encoder/firstpass.c	firstpass_intra_prediction	MISSING	n
encoder/firstpass.c	get_block_variance_fn	MISSING	n
encoder/firstpass.c	get_bsize	MISSING	n
encoder/firstpass.c	get_num_mbs	MISSING	n
encoder/firstpass.c	get_prediction_error	MISSING	n
encoder/firstpass.c	get_prediction_error_bitdepth	MISSING	n
encoder/firstpass.c	get_search_range	MISSING	n
encoder/firstpass.c	get_unit_cols	MISSING	n
encoder/firstpass.c	get_unit_rows	MISSING	n
encoder/firstpass.c	highbd_get_block_variance_fn	MISSING	n
encoder/firstpass.c	highbd_get_prediction_error	MISSING	n
encoder/firstpass.c	normalize_firstpass_stats	MISSING	n
encoder/firstpass.c	output_stats	MISSING	n
encoder/firstpass.c	print_reconstruction_frame	MISSING	n
encoder/firstpass.c	raw_motion_error_stdev	MISSING	n
encoder/firstpass.c	setup_firstpass_data	MISSING	n
encoder/firstpass.c	update_firstpass_stats	MISSING	n
encoder/pass2_strategy.c	accumulate_frame_motion_stats	MISSING	n
encoder/pass2_strategy.c	accumulate_gop_stats	MISSING	n
encoder/pass2_strategy.c	accumulate_next_frame_stats	MISSING	n
encoder/pass2_strategy.c	accumulate_this_frame_stats	MISSING	n
encoder/pass2_strategy.c	adjust_boost_bits_for_target_level	MISSING	n
encoder/pass2_strategy.c	adjust_unstable_region_bounds	MISSING	n
encoder/pass2_strategy.c	allocate_gf_group_bits	MISSING	n
encoder/pass2_strategy.c	analyze_region	MISSING	n
encoder/pass2_strategy.c	av1_calc_arf_boost	MISSING	Y
encoder/pass2_strategy.c	av1_get_second_pass_params	MISSING	Y
encoder/pass2_strategy.c	av1_gop_bit_allocation	MISSING	Y
encoder/pass2_strategy.c	av1_init_second_pass	MISSING	Y
encoder/pass2_strategy.c	av1_init_single_pass_lap	MISSING	Y
encoder/pass2_strategy.c	av1_setup_target_rate	MISSING	Y
encoder/pass2_strategy.c	av1_twopass_postencode_update	MISSING	Y
encoder/pass2_strategy.c	average_gf_stats	MISSING	n
encoder/pass2_strategy.c	baseline_err_per_mb	MISSING	n
encoder/pass2_strategy.c	calc_avg_stats	MISSING	n
encoder/pass2_strategy.c	calc_correction_factor	MISSING	n
encoder/pass2_strategy.c	calc_frame_boost	MISSING	n
encoder/pass2_strategy.c	calc_kf_frame_boost	MISSING	n
encoder/pass2_strategy.c	calculate_active_area	MISSING	n
encoder/pass2_strategy.c	calculate_boost_bits	MISSING	n
encoder/pass2_strategy.c	calculate_boost_factor	MISSING	n
encoder/pass2_strategy.c	calculate_gf_length	MISSING	n
encoder/pass2_strategy.c	calculate_modified_err	MISSING	n
encoder/pass2_strategy.c	calculate_modified_err_new	MISSING	n
encoder/pass2_strategy.c	calculate_section_intra_ratio	MISSING	n
encoder/pass2_strategy.c	calculate_total_gf_group_bits	MISSING	n
encoder/pass2_strategy.c	cleanup_blendings	MISSING	n
encoder/pass2_strategy.c	cleanup_regions	MISSING	n
encoder/pass2_strategy.c	correct_frames_to_key	MISSING	n
encoder/pass2_strategy.c	define_gf_group	ported	n
encoder/pass2_strategy.c	define_gf_group_pass0	ported	n
encoder/pass2_strategy.c	define_gf_group_pass3	MISSING	n
encoder/pass2_strategy.c	define_kf_interval	MISSING	n
encoder/pass2_strategy.c	detect_app_forced_key	MISSING	n
encoder/pass2_strategy.c	detect_flash	MISSING	n
encoder/pass2_strategy.c	detect_gf_cut	MISSING	n
encoder/pass2_strategy.c	detect_transition_to_still	MISSING	n
encoder/pass2_strategy.c	estimate_coeff	MISSING	n
encoder/pass2_strategy.c	estimate_noise	MISSING	n
encoder/pass2_strategy.c	find_blending_regions	MISSING	n
encoder/pass2_strategy.c	find_next_key_frame	MISSING	n
encoder/pass2_strategy.c	find_next_scenecut	MISSING	n
encoder/pass2_strategy.c	find_qindex_by_rate_with_correction	MISSING	n
encoder/pass2_strategy.c	find_regions_index	MISSING	n
encoder/pass2_strategy.c	find_stable_regions	MISSING	n
encoder/pass2_strategy.c	frame_max_bits	MISSING	n
encoder/pass2_strategy.c	free_firstpass_stats_buffers	MISSING	n
encoder/pass2_strategy.c	get_gradient	MISSING	n
encoder/pass2_strategy.c	get_kf_boost_score	MISSING	n
encoder/pass2_strategy.c	get_kf_group_avg_error	MISSING	n
encoder/pass2_strategy.c	get_kf_group_bits	MISSING	n
encoder/pass2_strategy.c	get_one_pass_rt_lag_params	MISSING	n
encoder/pass2_strategy.c	get_prediction_decay_rate	MISSING	n
encoder/pass2_strategy.c	get_projected_gfu_boost	MISSING	n
encoder/pass2_strategy.c	get_projected_kf_boost	MISSING	n
encoder/pass2_strategy.c	get_region_stats	MISSING	n
encoder/pass2_strategy.c	get_second_ref_usage_thresh	MISSING	n
encoder/pass2_strategy.c	get_section_target_bandwidth	MISSING	n
encoder/pass2_strategy.c	get_sr_decay_rate	MISSING	n
encoder/pass2_strategy.c	get_twopass_worst_quality	MISSING	n
encoder/pass2_strategy.c	get_zero_motion_factor	MISSING	n
encoder/pass2_strategy.c	identify_regions	MISSING	n
encoder/pass2_strategy.c	init_gf_stats	MISSING	n
encoder/pass2_strategy.c	input_stats	MISSING	n
encoder/pass2_strategy.c	input_stats_lap	MISSING	n
encoder/pass2_strategy.c	insert_region	MISSING	n
encoder/pass2_strategy.c	is_almost_static	MISSING	n
encoder/pass2_strategy.c	is_shorter_gf_interval_better	MISSING	n
encoder/pass2_strategy.c	mark_flashes	MISSING	n
encoder/pass2_strategy.c	process_first_pass_stats	MISSING	n
encoder/pass2_strategy.c	qbpm_enumerator	MISSING	n
encoder/pass2_strategy.c	read_frame_stats	MISSING	n
encoder/pass2_strategy.c	remove_region	MISSING	n
encoder/pass2_strategy.c	remove_short_regions	MISSING	n
encoder/pass2_strategy.c	reset_fpf_position	MISSING	n
encoder/pass2_strategy.c	set_baseline_gf_interval	MISSING	n
encoder/pass2_strategy.c	set_gop_bits_boost	MISSING	n
encoder/pass2_strategy.c	set_twopass_params_based_on_fp_stats	MISSING	n
encoder/pass2_strategy.c	slide_transition	MISSING	n
encoder/pass2_strategy.c	smooth_filter_noise	MISSING	n
encoder/pass2_strategy.c	smooth_filter_stats	MISSING	n
encoder/pass2_strategy.c	test_candidate_kf	MISSING	n
encoder/pass2_strategy.c	twopass_update_bpm_factor	MISSING	n
encoder/pass2_strategy.c	update_gop_length	MISSING	n
encoder/temporal_filter.c	av1_apply_temporal_filter_c	MISSING	Y
encoder/temporal_filter.c	av1_check_show_filtered_frame	MISSING	Y
encoder/temporal_filter.c	av1_estimate_noise_from_single_plane_c	MISSING	Y
encoder/temporal_filter.c	av1_estimate_noise_level	MISSING	Y
encoder/temporal_filter.c	av1_highbd_apply_temporal_filter_c	MISSING	Y
encoder/temporal_filter.c	av1_highbd_estimate_noise_from_single_plane_c	MISSING	Y
encoder/temporal_filter.c	av1_is_temporal_filter_on	MISSING	Y
encoder/temporal_filter.c	av1_temporal_filter	MISSING	Y
encoder/temporal_filter.c	av1_tf_do_filtering_row	MISSING	Y
encoder/temporal_filter.c	av1_tf_info_alloc	MISSING	Y
encoder/temporal_filter.c	av1_tf_info_filtering	MISSING	Y
encoder/temporal_filter.c	av1_tf_info_free	MISSING	Y
encoder/temporal_filter.c	av1_tf_info_get_filtered_buf	MISSING	Y
encoder/temporal_filter.c	av1_tf_info_reset	MISSING	Y
encoder/temporal_filter.c	compute_luma_sq_error_sum	MISSING	n
encoder/temporal_filter.c	compute_square_diff	MISSING	n
encoder/temporal_filter.c	get_log_var_4x4sub_blk	MISSING	n
encoder/temporal_filter.c	get_q	ported	n
encoder/temporal_filter.c	init_tf_ctx	MISSING	n
encoder/temporal_filter.c	is_frame_high_bitdepth	MISSING	n
encoder/temporal_filter.c	subblock_motion_search	MISSING	n
encoder/temporal_filter.c	tf_apply_temporal_filter_self	MISSING	n
encoder/temporal_filter.c	tf_build_predictor	MISSING	n
encoder/temporal_filter.c	tf_determine_block_partition	MISSING	n
encoder/temporal_filter.c	tf_do_filtering	MISSING	n
encoder/temporal_filter.c	tf_motion_search	MISSING	n
encoder/temporal_filter.c	tf_normalize_filtered_frame	MISSING	n
encoder/temporal_filter.c	tf_setup_filtering_buffer	MISSING	n
encoder/tpl_model.c	av1_accumulate_tpl_txfm_stats	MISSING	n
encoder/tpl_model.c	av1_compute_mv_difference	MISSING	Y
encoder/tpl_model.c	av1_delta_rate_cost	MISSING	Y
encoder/tpl_model.c	av1_estimate_coeff_entropy	MISSING	Y
encoder/tpl_model.c	av1_exponential_entropy	MISSING	Y
encoder/tpl_model.c	av1_free_tpl_gop_stats	MISSING	Y
encoder/tpl_model.c	av1_get_overlap_area	MISSING	Y
encoder/tpl_model.c	av1_get_q_index_from_qstep_ratio	MISSING	Y
encoder/tpl_model.c	av1_init_tpl_stats	MISSING	Y
encoder/tpl_model.c	av1_init_tpl_txfm_stats	MISSING	Y
encoder/tpl_model.c	av1_laplace_entropy	MISSING	Y
encoder/tpl_model.c	av1_laplace_estimate_frame_rate	MISSING	n
encoder/tpl_model.c	av1_mc_flow_dispenser_row	MISSING	Y
encoder/tpl_model.c	av1_read_rd_command	MISSING	n
encoder/tpl_model.c	av1_record_tpl_txfm_block	MISSING	n
encoder/tpl_model.c	av1_setup_tpl_buffers	MISSING	Y
encoder/tpl_model.c	av1_tpl_compute_frame_mv_entropy	MISSING	Y
encoder/tpl_model.c	av1_tpl_get_q_index	MISSING	Y
encoder/tpl_model.c	av1_tpl_get_qstep_ratio	MISSING	Y
encoder/tpl_model.c	av1_tpl_preload_rc_estimate	MISSING	Y
encoder/tpl_model.c	av1_tpl_ptr_pos	MISSING	Y
encoder/tpl_model.c	av1_tpl_rdmult_setup	MISSING	Y
encoder/tpl_model.c	av1_tpl_rdmult_setup_sb	MISSING	Y
encoder/tpl_model.c	av1_tpl_setup_stats	MISSING	Y
encoder/tpl_model.c	av1_tpl_stats_ready	MISSING	Y
encoder/tpl_model.c	av1_tpl_store_txfm_stats	MISSING	n
encoder/tpl_model.c	av1_tpl_txfm_stats_update_abs_coeff_mean	MISSING	n
encoder/tpl_model.c	av1_vbr_rc_append_tpl_info	MISSING	n
encoder/tpl_model.c	av1_vbr_rc_compute_q_indices	MISSING	n
encoder/tpl_model.c	av1_vbr_rc_frame_coding_idx	MISSING	n
encoder/tpl_model.c	av1_vbr_rc_info_estimate_base_q	MISSING	n
encoder/tpl_model.c	av1_vbr_rc_info_estimate_gop_bitrate	MISSING	n
encoder/tpl_model.c	av1_vbr_rc_init	MISSING	n
encoder/tpl_model.c	av1_vbr_rc_set_gop_bit_budget	MISSING	n
encoder/tpl_model.c	av1_vbr_rc_update_q_index_list	MISSING	n
encoder/tpl_model.c	compare_sad	MISSING	n
encoder/tpl_model.c	eval_gop_length	MISSING	n
encoder/tpl_model.c	exp_bounded	MISSING	n
encoder/tpl_model.c	get_frame_importance	MISSING	n
encoder/tpl_model.c	get_gop_length	MISSING	n
encoder/tpl_model.c	get_inter_cost	MISSING	n
encoder/tpl_model.c	get_quantize_error	MISSING	n
encoder/tpl_model.c	get_rate_distortion	MISSING	n
encoder/tpl_model.c	init_gop_frames_for_tpl	MISSING	n
encoder/tpl_model.c	init_mc_flow_dispenser	MISSING	n
encoder/tpl_model.c	init_tpl_stats_before_propagation	MISSING	n
encoder/tpl_model.c	is_alike_mv	MISSING	n
encoder/tpl_model.c	mc_flow_dispenser	MISSING	n
encoder/tpl_model.c	mc_flow_synthesizer	MISSING	n
encoder/tpl_model.c	mode_estimation	MISSING	n
encoder/tpl_model.c	motion_estimation	ported	n
encoder/tpl_model.c	rate_estimator	MISSING	n
encoder/tpl_model.c	round_floor	MISSING	n
encoder/tpl_model.c	set_tpl_stats_block_size	MISSING	n
encoder/tpl_model.c	skip_tpl_for_frame	MISSING	n
encoder/tpl_model.c	tpl_get_satd_cost	MISSING	n
encoder/tpl_model.c	tpl_model_store	MISSING	n
encoder/tpl_model.c	tpl_model_update	MISSING	n
encoder/tpl_model.c	tpl_model_update_b	MISSING	n
encoder/tpl_model.c	tpl_reset_src_ref_frames	MISSING	n
encoder/tpl_model.c	tpl_store_before_propagation	MISSING	n
encoder/tpl_model.c	trim_tpl_stats	MISSING	n
encoder/tpl_model.c	txfm_quant_rdcost	MISSING	n
encoder/lookahead.c	av1_lookahead_depth	MISSING	Y
encoder/lookahead.c	av1_lookahead_destroy	MISSING	Y
encoder/lookahead.c	av1_lookahead_full	MISSING	Y
encoder/lookahead.c	av1_lookahead_init	MISSING	Y
encoder/lookahead.c	av1_lookahead_peek	MISSING	Y
encoder/lookahead.c	av1_lookahead_pop	MISSING	Y
encoder/lookahead.c	av1_lookahead_pop_sz	MISSING	Y
encoder/lookahead.c	av1_lookahead_push	MISSING	Y
encoder/lookahead.c	pop	ported	n
encoder/encoder_utils.c	av1_apply_active_map	MISSING	Y
encoder/encoder_utils.c	av1_apply_roi_map	MISSING	Y
encoder/encoder_utils.c	av1_determine_sc_tools_with_encoding	ported	Y
encoder/encoder_utils.c	av1_dump_filtered_recon_frames	MISSING	n
encoder/encoder_utils.c	av1_finalize_encoded_frame	MISSING	Y
encoder/encoder_utils.c	av1_is_integer_mv	ported	Y
encoder/encoder_utils.c	av1_save_all_coding_context	MISSING	Y
encoder/encoder_utils.c	av1_scale_references	MISSING	Y
encoder/encoder_utils.c	av1_select_sb_size	ported	Y
encoder/encoder_utils.c	av1_set_mb_ssim_rdmult_scaling	MISSING	Y
encoder/encoder_utils.c	av1_set_size_dependent_vars	MISSING	Y
encoder/encoder_utils.c	av1_setup_frame	ported	Y
encoder/encoder_utils.c	av1_setup_interp_filter_search_mask	MISSING	Y
encoder/encoder_utils.c	av1_update_film_grain_parameters	MISSING	Y
encoder/encoder_utils.c	av1_update_film_grain_parameters_seq	MISSING	Y
encoder/encoder_utils.c	configure_static_seg_features	MISSING	n
encoder/encoder_utils.c	fix_interp_filter	MISSING	n
encoder/encoder_utils.c	get_interp_filter_selected	MISSING	n
encoder/encoder_utils.c	process_tpl_stats_frame	MISSING	n
encoder/encoder_utils.c	reset_film_grain_chroma_params	MISSING	n
encoder/encoder_utils.c	save_extra_coding_context	MISSING	n
encoder/encoder_utils.c	screen_content_tools_determination	MISSING	n
encoder/encoder_utils.c	set_encoding_params_for_screen_content	MISSING	n
encoder/bitstream.c	add_trailing_bits	ported	n
encoder/bitstream.c	av1_accumulate_pack_bs_thread_data	MISSING	Y
encoder/bitstream.c	av1_neg_interleave	ported	Y
encoder/bitstream.c	av1_pack_bitstream	ported	Y
encoder/bitstream.c	av1_pack_tile_info	MISSING	Y
encoder/bitstream.c	av1_reset_pack_bs_thread_data	MISSING	Y
encoder/bitstream.c	av1_write_last_tile_info	MISSING	Y
encoder/bitstream.c	av1_write_metadata_array	MISSING	n
encoder/bitstream.c	av1_write_metadata_obu	MISSING	n
encoder/bitstream.c	av1_write_obu_header	ported	Y
encoder/bitstream.c	av1_write_obu_tg_tile_headers	ported	Y
encoder/bitstream.c	av1_write_sequence_header_obu	ported	Y
encoder/bitstream.c	av1_write_tx_type	ported	Y
encoder/bitstream.c	av1_write_uleb_obu_size	MISSING	Y
encoder/bitstream.c	av1_write_uleb_obu_size_unsafe	MISSING	n
encoder/bitstream.c	calc_pack_bs_mt_workers	MISSING	n
encoder/bitstream.c	check_frame_refs_short_signaling	MISSING	n
encoder/bitstream.c	choose_size_bytes	ported	n
encoder/bitstream.c	delta_encode_palette_colors	ported	n
encoder/bitstream.c	dump_mode_info	MISSING	n
encoder/bitstream.c	enc_dump_logs	MISSING	n
encoder/bitstream.c	encode_cdef	ported	n
encoder/bitstream.c	encode_loopfilter	ported	n
encoder/bitstream.c	encode_quantization	ported	n
encoder/bitstream.c	encode_restoration_mode	ported	n
encoder/bitstream.c	encode_segmentation	ported	n
encoder/bitstream.c	find_identical_tile	MISSING	n
encoder/bitstream.c	get_ref_mv	ported	n
encoder/bitstream.c	get_ref_mv_from_stack	MISSING	n
encoder/bitstream.c	get_token_pointers	MISSING	n
encoder/bitstream.c	init_large_scale_tile_obu_header	MISSING	n
encoder/bitstream.c	is_mode_ref_delta_meaningful	MISSING	n
encoder/bitstream.c	loop_restoration_write_sb_coeffs	ported	n
encoder/bitstream.c	mem_put_varsize	MISSING	n
encoder/bitstream.c	mode_context_analyzer	ported	n
encoder/bitstream.c	obu_memmove	MISSING	n
encoder/bitstream.c	obu_memmove_unsafe	MISSING	n
encoder/bitstream.c	pack_inter_mode_mvs	ported	n
encoder/bitstream.c	pack_large_scale_tiles_in_tg_obus	MISSING	n
encoder/bitstream.c	pack_map_tokens	ported	n
encoder/bitstream.c	pack_tiles_in_tg_obus	MISSING	n
encoder/bitstream.c	pack_txb_tokens	ported	n
encoder/bitstream.c	rd_token_stats_mismatch	MISSING	n
encoder/bitstream.c	remux_tiles	MISSING	n
encoder/bitstream.c	set_spatial_segment_id	ported	n
encoder/bitstream.c	wb_write_uniform	ported	n
encoder/bitstream.c	write_angle_delta	ported	n
encoder/bitstream.c	write_bitdepth	ported	n
encoder/bitstream.c	write_bitstream_level	ported	n
encoder/bitstream.c	write_cdef	ported	n
encoder/bitstream.c	write_cfl_alphas	ported	n
encoder/bitstream.c	write_color_config	ported	n
encoder/bitstream.c	write_dec_model_op_parameters	ported	n
encoder/bitstream.c	write_decoder_model_info	ported	n
encoder/bitstream.c	write_delta_lflevel	ported	n
encoder/bitstream.c	write_delta_q	ported	n
encoder/bitstream.c	write_delta_q_params	ported	n
encoder/bitstream.c	write_delta_qindex	ported	n
encoder/bitstream.c	write_drl_idx	ported	n
encoder/bitstream.c	write_ext_tile_info	ported	n
encoder/bitstream.c	write_film_grain_params	ported	n
encoder/bitstream.c	write_filter_intra_mode_info	ported	n
encoder/bitstream.c	write_frame_header_obu	ported	n
encoder/bitstream.c	write_frame_interp_filter	ported	n
encoder/bitstream.c	write_frame_size	ported	n
encoder/bitstream.c	write_frame_size_with_refs	ported	n
encoder/bitstream.c	write_global_motion	ported	n
encoder/bitstream.c	write_global_motion_params	ported	n
encoder/bitstream.c	write_inter_compound_mode	ported	n
encoder/bitstream.c	write_inter_mode	ported	n
encoder/bitstream.c	write_inter_segment_id	ported	n
encoder/bitstream.c	write_inter_txb_coeff	ported	n
encoder/bitstream.c	write_intra_prediction_modes	ported	n
encoder/bitstream.c	write_intra_uv_mode	ported	n
encoder/bitstream.c	write_intra_y_mode_kf	ported	n
encoder/bitstream.c	write_intra_y_mode_nonkf	ported	n
encoder/bitstream.c	write_intrabc_info	ported	n
encoder/bitstream.c	write_is_inter	ported	n
encoder/bitstream.c	write_large_scale_tile_obu	MISSING	n
encoder/bitstream.c	write_large_scale_tile_obu_size	MISSING	n
encoder/bitstream.c	write_mb_interp_filter	ported	n
encoder/bitstream.c	write_mb_modes_kf	ported	n
encoder/bitstream.c	write_mbmi_b	ported	n
encoder/bitstream.c	write_modes	ported	n
encoder/bitstream.c	write_modes_b	ported	n
encoder/bitstream.c	write_modes_sb	ported	n
encoder/bitstream.c	write_motion_mode	ported	n
encoder/bitstream.c	write_palette_colors_uv	ported	n
encoder/bitstream.c	write_palette_colors_y	ported	n
encoder/bitstream.c	write_palette_mode_info	ported	n
encoder/bitstream.c	write_partition	ported	n
encoder/bitstream.c	write_profile	MISSING	n
encoder/bitstream.c	write_ref_frames	ported	n
encoder/bitstream.c	write_render_size	ported	n
encoder/bitstream.c	write_sb_size	ported	n
encoder/bitstream.c	write_segment_id	ported	n
encoder/bitstream.c	write_selected_tx_size	ported	n
encoder/bitstream.c	write_sequence_header	ported	n
encoder/bitstream.c	write_sgrproj_filter	ported	n
encoder/bitstream.c	write_skip	ported	n
encoder/bitstream.c	write_skip_mode	ported	n
encoder/bitstream.c	write_superres_scale	ported	n
encoder/bitstream.c	write_tile_group_header	ported	n
encoder/bitstream.c	write_tile_info	ported	n
encoder/bitstream.c	write_tile_info_max_tile	ported	n
encoder/bitstream.c	write_tile_obu	ported	n
encoder/bitstream.c	write_tile_obu_size	ported	n
encoder/bitstream.c	write_tiles_in_tg_obus	MISSING	n
encoder/bitstream.c	write_timing_info_header	ported	n
encoder/bitstream.c	write_tokens_b	ported	n
encoder/bitstream.c	write_tu_pts_info	MISSING	n
encoder/bitstream.c	write_tx_size_vartx	ported	n
encoder/bitstream.c	write_uncompressed_header_obu	ported	n
encoder/bitstream.c	write_uniform	ported	n
encoder/bitstream.c	write_wiener_filter	ported	n
