image	class	w	h	q	enc_a	preset_a	bytes_a	sha_a	enc_b	preset_b	bytes_b	sha_b	identical
cid22_1025469	photo	512	512	10	zenav1-aom	6	20746	cda9727604b4a2b1b19a9c0b51751837e9d410e4bc73e4c3fc1c5c5999fa334b	libaom-c	6	20746	cda9727604b4a2b1b19a9c0b51751837e9d410e4bc73e4c3fc1c5c5999fa334b	1
cid22_1025469	photo	512	512	14	zenav1-aom	6	16066	fb15c41c23bf561f64114f5e4e313ab79384a148736115e5c1eea3d50ea8d94e	libaom-c	6	16066	fb15c41c23bf561f64114f5e4e313ab79384a148736115e5c1eea3d50ea8d94e	1
cid22_1025469	photo	512	512	18	zenav1-aom	6	13074	c3527fc056f67358fe6195852f30b1b84d613c287d925760e46413c3a5df58cf	libaom-c	6	13074	c3527fc056f67358fe6195852f30b1b84d613c287d925760e46413c3a5df58cf	1
cid22_1025469	photo	512	512	22	zenav1-aom	6	10756	2139a5e7be1273443f3225fdf4cf44ac6f65ef6331e922ddbf33270c54e68152	libaom-c	6	10756	2139a5e7be1273443f3225fdf4cf44ac6f65ef6331e922ddbf33270c54e68152	1
cid22_1025469	photo	512	512	26	zenav1-aom	6	8772	95d3d873e715f19a9ba591858af93190b724009ef672d0ce11fa641a802b02a5	libaom-c	6	8772	95d3d873e715f19a9ba591858af93190b724009ef672d0ce11fa641a802b02a5	1
cid22_1025469	photo	512	512	30	zenav1-aom	6	6930	3af29fb2b09cc978e3a172da013e8f6df3a5172dae48659c9a88154bd920e5bb	libaom-c	6	6930	3af29fb2b09cc978e3a172da013e8f6df3a5172dae48659c9a88154bd920e5bb	1
cid22_1025469	photo	512	512	34	zenav1-aom	6	5424	86c4e89c18d9ce8b8efc2ead6bd8b55ed65e73205c0d01c8800129372822b1ab	libaom-c	6	5424	86c4e89c18d9ce8b8efc2ead6bd8b55ed65e73205c0d01c8800129372822b1ab	1
cid22_1025469	photo	512	512	38	zenav1-aom	6	4226	f90f64da1e89c25a16de25cc7d24db66672ce8404777f6f55c8574f13d67e077	libaom-c	6	4226	f90f64da1e89c25a16de25cc7d24db66672ce8404777f6f55c8574f13d67e077	1
cid22_1025469	photo	512	512	42	zenav1-aom	6	3268	ed95bb5cc5a78e7c750e00486d700445c4ed4a2d20082c427e1b03b5c0fafc32	libaom-c	6	3268	ed95bb5cc5a78e7c750e00486d700445c4ed4a2d20082c427e1b03b5c0fafc32	1
cid22_1025469	photo	512	512	46	zenav1-aom	6	2623	e23fba0af034d5cd222567f801157af646bc2c1018d270890bbbdd869a377cec	libaom-c	6	2623	e23fba0af034d5cd222567f801157af646bc2c1018d270890bbbdd869a377cec	1
cid22_1025469	photo	512	512	50	zenav1-aom	6	2036	ff6bde354e2307787596b4d139eede8c72c77810a2a4863117c67b36cf27301e	libaom-c	6	2036	ff6bde354e2307787596b4d139eede8c72c77810a2a4863117c67b36cf27301e	1
cid22_1025469	photo	512	512	54	zenav1-aom	6	1563	a68534385b6b5c452908faa4b345b8449906bad94e2c2dd9eaee9f6c5b7cbc43	libaom-c	6	1563	a68534385b6b5c452908faa4b345b8449906bad94e2c2dd9eaee9f6c5b7cbc43	1
cid22_1025469	photo	512	512	58	zenav1-aom	6	1182	e941346e007c993e09676fd782fe7e4d2abb5e75c536be969f2e8c7fcf1e3b28	libaom-c	6	1182	e941346e007c993e09676fd782fe7e4d2abb5e75c536be969f2e8c7fcf1e3b28	1
cid22_1025469	photo	512	512	62	zenav1-aom	6	750	7368dcd6c0a26cc9279eae46166b504adad8b72195439641bc6ed7fc41b7cc4f	libaom-c	6	750	7368dcd6c0a26cc9279eae46166b504adad8b72195439641bc6ed7fc41b7cc4f	1
cid22_1420710	photo	512	512	10	zenav1-aom	6	111735	632cddb5cbba313e97af049f72f9aa618491a9c3c9cfb282c1adf35204b1db19	libaom-c	6	111735	632cddb5cbba313e97af049f72f9aa618491a9c3c9cfb282c1adf35204b1db19	1
cid22_1420710	photo	512	512	14	zenav1-aom	6	93322	7a74c7bb1c73a9a77c0ab9e2a4fe181d3c093d4a84d1e341bfd66f19fb99c855	libaom-c	6	93322	7a74c7bb1c73a9a77c0ab9e2a4fe181d3c093d4a84d1e341bfd66f19fb99c855	1
cid22_1420710	photo	512	512	18	zenav1-aom	6	80036	d9a32e825a39a02bf2ec89e024047d3bf380ba69a7ed4c371401ac0ada0224de	libaom-c	6	80036	d9a32e825a39a02bf2ec89e024047d3bf380ba69a7ed4c371401ac0ada0224de	1
cid22_1420710	photo	512	512	22	zenav1-aom	6	69347	116c2bf726b036838a470514d4061dfcdfd55494992b9772f98f7bebdfceb6de	libaom-c	6	69347	116c2bf726b036838a470514d4061dfcdfd55494992b9772f98f7bebdfceb6de	1
cid22_1420710	photo	512	512	26	zenav1-aom	6	57387	ac313485c882234eefa554135da5ea54497277b94074262b7dc653b0084cbf81	libaom-c	6	57387	ac313485c882234eefa554135da5ea54497277b94074262b7dc653b0084cbf81	1
cid22_1420710	photo	512	512	30	zenav1-aom	6	46388	2def1bcad93eb025f7ee80ab77c8d2a01bd7d9500c8f7235c9e30778b5e6e8ed	libaom-c	6	46388	2def1bcad93eb025f7ee80ab77c8d2a01bd7d9500c8f7235c9e30778b5e6e8ed	1
cid22_1420710	photo	512	512	34	zenav1-aom	6	35775	84b035090328c41be3fb4c04a1558f72614bee68316742ec1a78b201661140e7	libaom-c	6	35775	84b035090328c41be3fb4c04a1558f72614bee68316742ec1a78b201661140e7	1
cid22_1420710	photo	512	512	38	zenav1-aom	6	26463	5dd86873b2baaa04018f99b706a1db5b5fb3da54d244659a950657f99641c1e5	libaom-c	6	26463	5dd86873b2baaa04018f99b706a1db5b5fb3da54d244659a950657f99641c1e5	1
cid22_1420710	photo	512	512	42	zenav1-aom	6	19632	c8177508fd3c5ea9173a2fee9b12b9a92bb8e114a5425d8d5b998034507b81b8	libaom-c	6	19632	c8177508fd3c5ea9173a2fee9b12b9a92bb8e114a5425d8d5b998034507b81b8	1
cid22_1420710	photo	512	512	46	zenav1-aom	6	14408	7a89eb89f6385b0f293a98cb3c71340cf1c6d27437923b22004bf404f10a1c08	libaom-c	6	14408	7a89eb89f6385b0f293a98cb3c71340cf1c6d27437923b22004bf404f10a1c08	1
cid22_1420710	photo	512	512	50	zenav1-aom	6	10507	e7c00a202afd4e655e2d1b7481b7dc76d9e45b4cf3cadf2e3e47a8a9ac5a370a	libaom-c	6	10507	e7c00a202afd4e655e2d1b7481b7dc76d9e45b4cf3cadf2e3e47a8a9ac5a370a	1
cid22_1420710	photo	512	512	54	zenav1-aom	6	7373	ba0117a4477dcc554d1d42fdbd5ea1008e2186b52991d9caaaedc4ae0ee4d636	libaom-c	6	7373	ba0117a4477dcc554d1d42fdbd5ea1008e2186b52991d9caaaedc4ae0ee4d636	1
cid22_1420710	photo	512	512	58	zenav1-aom	6	5053	715369ab438b6b41329663dfdf8d22f26c6113e3e0ffb2172f5fa3b368a831bb	libaom-c	6	5053	715369ab438b6b41329663dfdf8d22f26c6113e3e0ffb2172f5fa3b368a831bb	1
cid22_1420710	photo	512	512	62	zenav1-aom	6	2568	4a1d0393f1424a8bbab030ef82f4f0b0894c9ace7f653bbb44c36ad99917865a	libaom-c	6	2568	4a1d0393f1424a8bbab030ef82f4f0b0894c9ace7f653bbb44c36ad99917865a	1
cid22_1624487	photo	512	512	10	zenav1-aom	6	49783	d70b54c446c153b7ea6b0afdc80a5e533ede285a0b102a00c9a31c4047ea3400	libaom-c	6	49783	d70b54c446c153b7ea6b0afdc80a5e533ede285a0b102a00c9a31c4047ea3400	1
cid22_1624487	photo	512	512	14	zenav1-aom	6	40921	a12930eeb0e114209af15e747c97da1f9c7cfa6120ace3712d69cd27de3f8e5e	libaom-c	6	40921	a12930eeb0e114209af15e747c97da1f9c7cfa6120ace3712d69cd27de3f8e5e	1
cid22_1624487	photo	512	512	18	zenav1-aom	6	34997	874ba9f06af69f927761e5facfe48d9f12f72088bf4a930b287ccec2f61de7c6	libaom-c	6	34997	874ba9f06af69f927761e5facfe48d9f12f72088bf4a930b287ccec2f61de7c6	1
cid22_1624487	photo	512	512	22	zenav1-aom	6	30461	5d1ad41253ad9368cd5dc544d54d2b346767211f77751c30dd3bed2a105aaec1	libaom-c	6	30461	5d1ad41253ad9368cd5dc544d54d2b346767211f77751c30dd3bed2a105aaec1	1
cid22_1624487	photo	512	512	26	zenav1-aom	6	25687	2dcc7be5ecb1454276faa551d7fe549ca9a78fc8488620b650202492c34a263c	libaom-c	6	25687	2dcc7be5ecb1454276faa551d7fe549ca9a78fc8488620b650202492c34a263c	1
cid22_1624487	photo	512	512	30	zenav1-aom	6	21514	91a3aec13d0fb766959d5fe4cb9aa0324bc421bba516e790bdb94190b44e823d	libaom-c	6	21514	91a3aec13d0fb766959d5fe4cb9aa0324bc421bba516e790bdb94190b44e823d	1
cid22_1624487	photo	512	512	34	zenav1-aom	6	17279	3adde14783ca3ce5af9c3aee9a14d191d2c6add31c9670fa6aafa7fe75922889	libaom-c	6	17279	3adde14783ca3ce5af9c3aee9a14d191d2c6add31c9670fa6aafa7fe75922889	1
cid22_1624487	photo	512	512	38	zenav1-aom	6	13689	c21c751a2f17422ecb23c3981cc9a4b00a381dcf5dee28f367d3a2fc67e74320	libaom-c	6	13689	c21c751a2f17422ecb23c3981cc9a4b00a381dcf5dee28f367d3a2fc67e74320	1
cid22_1624487	photo	512	512	42	zenav1-aom	6	10705	e5042fd72ce22d49c4e0c9c0889376b572ad0bfef35529a433f397c42a51ccaa	libaom-c	6	10705	e5042fd72ce22d49c4e0c9c0889376b572ad0bfef35529a433f397c42a51ccaa	1
cid22_1624487	photo	512	512	46	zenav1-aom	6	8263	d4f8716c88bc8dad945d153af6f9a616b24b808d93ec59ccd154392ec0921148	libaom-c	6	8263	d4f8716c88bc8dad945d153af6f9a616b24b808d93ec59ccd154392ec0921148	1
cid22_1624487	photo	512	512	50	zenav1-aom	6	6175	791fa6b0ea47fdd0e8288664795a14e213f42970ecc848d62bb15193466b1df0	libaom-c	6	6175	791fa6b0ea47fdd0e8288664795a14e213f42970ecc848d62bb15193466b1df0	1
cid22_1624487	photo	512	512	54	zenav1-aom	6	4576	ce499f2cbfd5a393c8b0a22c9c808ec36133e7216103e5d00b77e6ee94b35882	libaom-c	6	4576	ce499f2cbfd5a393c8b0a22c9c808ec36133e7216103e5d00b77e6ee94b35882	1
cid22_1624487	photo	512	512	58	zenav1-aom	6	3145	63ed8fd48219400db58033555423e3af5bee96e8df74387dbdbb8d0ca024a5c8	libaom-c	6	3145	63ed8fd48219400db58033555423e3af5bee96e8df74387dbdbb8d0ca024a5c8	1
cid22_1624487	photo	512	512	62	zenav1-aom	6	1800	8308131fd077e1db11fb0a827875d119c4d068f7b475ce5d1dd64165ccece9ee	libaom-c	6	1800	8308131fd077e1db11fb0a827875d119c4d068f7b475ce5d1dd64165ccece9ee	1
cid22_225228	photo	512	512	10	zenav1-aom	6	34609	111f61975313c48ce22d1eb6aebc3e912ed14074b57590e081132fbfddfbfe4c	libaom-c	6	34609	111f61975313c48ce22d1eb6aebc3e912ed14074b57590e081132fbfddfbfe4c	1
cid22_225228	photo	512	512	14	zenav1-aom	6	28061	7cf9c9c5ccc61d1755c04e7864b58e844d598c4ea917f41d94c144a889fa3da5	libaom-c	6	28061	7cf9c9c5ccc61d1755c04e7864b58e844d598c4ea917f41d94c144a889fa3da5	1
cid22_225228	photo	512	512	18	zenav1-aom	6	23754	6941dc1e2d0251e69af00c99cf81c4fcb705b3d17754bc945c39e741e49aed2e	libaom-c	6	23754	6941dc1e2d0251e69af00c99cf81c4fcb705b3d17754bc945c39e741e49aed2e	1
cid22_225228	photo	512	512	22	zenav1-aom	6	20305	24b0cd01ebc3e4a2b1775432e747ad93c276cf9dde82572a57ffd6ae37cc3396	libaom-c	6	20305	24b0cd01ebc3e4a2b1775432e747ad93c276cf9dde82572a57ffd6ae37cc3396	1
cid22_225228	photo	512	512	26	zenav1-aom	6	16951	1fdb1e3927430e419eba4a40d2c9f1be1b6c037e87748f42fb9483c908711ee0	libaom-c	6	16951	1fdb1e3927430e419eba4a40d2c9f1be1b6c037e87748f42fb9483c908711ee0	1
cid22_225228	photo	512	512	30	zenav1-aom	6	13980	208f3f13ccf9593478a3b164dad00498f5650bf266b440ed5446ff97bf85f57b	libaom-c	6	13980	208f3f13ccf9593478a3b164dad00498f5650bf266b440ed5446ff97bf85f57b	1
cid22_225228	photo	512	512	34	zenav1-aom	6	11246	67e3e9ec85c7df3895b2c6f86c87e1b3b18b7cece0727b18833582860e9c624b	libaom-c	6	11246	67e3e9ec85c7df3895b2c6f86c87e1b3b18b7cece0727b18833582860e9c624b	1
cid22_225228	photo	512	512	38	zenav1-aom	6	8896	362cb3e2ca9bbe4c96b010b1f59c3ab9e3cd2ff71f10d579d7e4017e275fac30	libaom-c	6	8896	362cb3e2ca9bbe4c96b010b1f59c3ab9e3cd2ff71f10d579d7e4017e275fac30	1
cid22_225228	photo	512	512	42	zenav1-aom	6	7099	9d3844f2239aa4e6bbe6b7086a3de870c43720c33f1853d4ab45b6fd41e1a56c	libaom-c	6	7099	9d3844f2239aa4e6bbe6b7086a3de870c43720c33f1853d4ab45b6fd41e1a56c	1
cid22_225228	photo	512	512	46	zenav1-aom	6	5619	91497859327b1ec40b9debacd8d20a69fc6143ec2e655bbf4b8e2f0e363687c9	libaom-c	6	5619	91497859327b1ec40b9debacd8d20a69fc6143ec2e655bbf4b8e2f0e363687c9	1
cid22_225228	photo	512	512	50	zenav1-aom	6	4399	51ca1751c81d0f30da39ae618153eed495b89a66d0603ce9054cd5332ee8a292	libaom-c	6	4399	51ca1751c81d0f30da39ae618153eed495b89a66d0603ce9054cd5332ee8a292	1
cid22_225228	photo	512	512	54	zenav1-aom	6	3467	51f3c75d5d45461a9454d8b4531cb63499d32ef9970c89e6c4be96cae290c4f0	libaom-c	6	3467	51f3c75d5d45461a9454d8b4531cb63499d32ef9970c89e6c4be96cae290c4f0	1
cid22_225228	photo	512	512	58	zenav1-aom	6	2559	65014d646af58ee9dec73d4840b336756a31b747b006af8f70faeefea7bb412c	libaom-c	6	2559	65014d646af58ee9dec73d4840b336756a31b747b006af8f70faeefea7bb412c	1
cid22_225228	photo	512	512	62	zenav1-aom	6	1603	fa3967bdd6d2264cede434215879f471c6b5ac89851c90e921cb73ff306bb86e	libaom-c	6	1603	fa3967bdd6d2264cede434215879f471c6b5ac89851c90e921cb73ff306bb86e	1
cid22_2775196	photo	512	512	10	zenav1-aom	6	40161	c59e785368fd51c445d2ef9d372d27b8c6fe77f37af751968aacef674377e58e	libaom-c	6	40161	c59e785368fd51c445d2ef9d372d27b8c6fe77f37af751968aacef674377e58e	1
cid22_2775196	photo	512	512	14	zenav1-aom	6	31668	cdb89a940a16a220d7068ae8b4ce81891140d7727480f63f52caf79055a7cd68	libaom-c	6	31668	cdb89a940a16a220d7068ae8b4ce81891140d7727480f63f52caf79055a7cd68	1
cid22_2775196	photo	512	512	18	zenav1-aom	6	26198	68f588bcc70d281b8e6c53a316919ece274b436a6ef4331dbb8e2edaa26d06c9	libaom-c	6	26198	68f588bcc70d281b8e6c53a316919ece274b436a6ef4331dbb8e2edaa26d06c9	1
cid22_2775196	photo	512	512	22	zenav1-aom	6	22007	5f068d6dc6970e7857a0fc7e4647f2fea1b710f35beb07166e999ffec44b7f8c	libaom-c	6	22007	5f068d6dc6970e7857a0fc7e4647f2fea1b710f35beb07166e999ffec44b7f8c	1
cid22_2775196	photo	512	512	26	zenav1-aom	6	17585	ee6785fb2c5fb7935fde1b9ad9f35bc275c0e098fdad3b247a75416e617fb300	libaom-c	6	17585	ee6785fb2c5fb7935fde1b9ad9f35bc275c0e098fdad3b247a75416e617fb300	1
cid22_2775196	photo	512	512	30	zenav1-aom	6	13957	08400364685f8e5984d271850c1a51a354d5c706c784d0cbe9b822b4f6927518	libaom-c	6	13957	08400364685f8e5984d271850c1a51a354d5c706c784d0cbe9b822b4f6927518	1
cid22_2775196	photo	512	512	34	zenav1-aom	6	10491	4e417fe8f04bba0db86e581a971c38a3c26f28a5ad9b9adfab0f4ae380d63d3c	libaom-c	6	10491	4e417fe8f04bba0db86e581a971c38a3c26f28a5ad9b9adfab0f4ae380d63d3c	1
cid22_2775196	photo	512	512	38	zenav1-aom	6	7664	27f38faf51c1d2506142550d1acf24e09de1c849b3c12cb3fc6711994d666df5	libaom-c	6	7664	27f38faf51c1d2506142550d1acf24e09de1c849b3c12cb3fc6711994d666df5	1
cid22_2775196	photo	512	512	42	zenav1-aom	6	5405	cca426224a2099af344ce179e2b8017204fe9dcc7416c5c331452f91ebc76371	libaom-c	6	5405	cca426224a2099af344ce179e2b8017204fe9dcc7416c5c331452f91ebc76371	1
cid22_2775196	photo	512	512	46	zenav1-aom	6	3900	203ac5a9336cd68bf8d9da8dbe623f9781eae5d78daea79b9c4bf7804f2a70a5	libaom-c	6	3900	203ac5a9336cd68bf8d9da8dbe623f9781eae5d78daea79b9c4bf7804f2a70a5	1
cid22_2775196	photo	512	512	50	zenav1-aom	6	2766	0393fc6707a9748b1df8d80347d990e5181bc3a232c319c643d57f93788c86b3	libaom-c	6	2766	0393fc6707a9748b1df8d80347d990e5181bc3a232c319c643d57f93788c86b3	1
cid22_2775196	photo	512	512	54	zenav1-aom	6	1972	4365ec86648427b70860987f8c31cf9f749dfb54c519094339ff44710c65db72	libaom-c	6	1972	4365ec86648427b70860987f8c31cf9f749dfb54c519094339ff44710c65db72	1
cid22_2775196	photo	512	512	58	zenav1-aom	6	1337	9a2aa17f7210af36090eb59a05e8ed54dedb0a07747d1c19ff9fa08ba3e28646	libaom-c	6	1337	9a2aa17f7210af36090eb59a05e8ed54dedb0a07747d1c19ff9fa08ba3e28646	1
cid22_2775196	photo	512	512	62	zenav1-aom	6	790	96d14b212fdd7c43bce5f6cf4710f4184b93c9d05b827475f1576b3504755fe0	libaom-c	6	790	96d14b212fdd7c43bce5f6cf4710f4184b93c9d05b827475f1576b3504755fe0	1
cid22_3316926	photo	512	512	10	zenav1-aom	6	31170	54fed0fd392f1c214a5e017d60d3325a6d02dd0f657e181b540e6256fbc8194e	libaom-c	6	31170	54fed0fd392f1c214a5e017d60d3325a6d02dd0f657e181b540e6256fbc8194e	1
cid22_3316926	photo	512	512	14	zenav1-aom	6	25525	1d5d24f9b53e712865f7a627f909e59457cc62f0d72af5e729d372a4c9b1dead	libaom-c	6	25525	1d5d24f9b53e712865f7a627f909e59457cc62f0d72af5e729d372a4c9b1dead	1
cid22_3316926	photo	512	512	18	zenav1-aom	6	21823	061a64772da1d78c74d056fd487ddc4d89b6b8bc5286bc1c0fc1cd947df0caec	libaom-c	6	21823	061a64772da1d78c74d056fd487ddc4d89b6b8bc5286bc1c0fc1cd947df0caec	1
cid22_3316926	photo	512	512	22	zenav1-aom	6	18504	280a7990f4f50f7396ac7dcb626518c62448540b2c692c10bb27ceb20424661b	libaom-c	6	18504	280a7990f4f50f7396ac7dcb626518c62448540b2c692c10bb27ceb20424661b	1
cid22_3316926	photo	512	512	26	zenav1-aom	6	15630	c8e0ee5dcdd4aee229aefce2edaef0fdc590f7de4d02afcbd0894137a6e63212	libaom-c	6	15630	c8e0ee5dcdd4aee229aefce2edaef0fdc590f7de4d02afcbd0894137a6e63212	1
cid22_3316926	photo	512	512	30	zenav1-aom	6	13064	54ff129126ef9620e087310610573c929698541ec5633f2c69a5f580b5f62283	libaom-c	6	13064	54ff129126ef9620e087310610573c929698541ec5633f2c69a5f580b5f62283	1
cid22_3316926	photo	512	512	34	zenav1-aom	6	10571	5a8ca42434ccf79be39948017a5082ee364a9c129a43c5daabcee0b7dc52226e	libaom-c	6	10571	5a8ca42434ccf79be39948017a5082ee364a9c129a43c5daabcee0b7dc52226e	1
cid22_3316926	photo	512	512	38	zenav1-aom	6	8439	471abaa8784e5c268121555613ed3a5fd9b311d44d37837a5663e51299c5c9aa	libaom-c	6	8439	471abaa8784e5c268121555613ed3a5fd9b311d44d37837a5663e51299c5c9aa	1
cid22_3316926	photo	512	512	42	zenav1-aom	6	6725	274bd9790150342cd5453e49f871216689956f48d2aacaa42d0f48a0a53688bb	libaom-c	6	6725	274bd9790150342cd5453e49f871216689956f48d2aacaa42d0f48a0a53688bb	1
cid22_3316926	photo	512	512	46	zenav1-aom	6	5321	ffbc040dc212d79bb6120b3f7ee90c776fe3d8fe150a236459172979ef82e9fb	libaom-c	6	5321	ffbc040dc212d79bb6120b3f7ee90c776fe3d8fe150a236459172979ef82e9fb	1
cid22_3316926	photo	512	512	50	zenav1-aom	6	4254	4184935decbae57564669636d96a83aaad071c24094c8dac02ce07bd44da38ec	libaom-c	6	4254	4184935decbae57564669636d96a83aaad071c24094c8dac02ce07bd44da38ec	1
cid22_3316926	photo	512	512	54	zenav1-aom	6	3307	9411032bd70372dd2db5e2a0d08fa877e05b99c351ea6f4b7a66b2ff89283978	libaom-c	6	3307	9411032bd70372dd2db5e2a0d08fa877e05b99c351ea6f4b7a66b2ff89283978	1
cid22_3316926	photo	512	512	58	zenav1-aom	6	2492	2512a06c59431fdeecb72dd27c632f130e758e5619a0b9579af34119ff32aad9	libaom-c	6	2492	2512a06c59431fdeecb72dd27c632f130e758e5619a0b9579af34119ff32aad9	1
cid22_3316926	photo	512	512	62	zenav1-aom	6	1581	369d0456a9db8b7f9f45326b31312173d041d9948ecbb7718726996288ecac6c	libaom-c	6	1581	369d0456a9db8b7f9f45326b31312173d041d9948ecbb7718726996288ecac6c	1
cid22_382297	photo	512	512	10	zenav1-aom	6	82055	fb82a0ca9f14ae22517769d3b01b7a0ec735ea6e27819e70a5b5ec9092593f90	libaom-c	6	82055	fb82a0ca9f14ae22517769d3b01b7a0ec735ea6e27819e70a5b5ec9092593f90	1
cid22_382297	photo	512	512	14	zenav1-aom	6	67501	b024ef60b152ef98a68b1996f2e1d8c986bc12373579fd389066fd7204483381	libaom-c	6	67501	b024ef60b152ef98a68b1996f2e1d8c986bc12373579fd389066fd7204483381	1
cid22_382297	photo	512	512	18	zenav1-aom	6	57858	3d0c1884305c5df39e0a824e9c4729dd411b404f5bccea54da4c8d80c8be43d9	libaom-c	6	57858	3d0c1884305c5df39e0a824e9c4729dd411b404f5bccea54da4c8d80c8be43d9	1
cid22_382297	photo	512	512	22	zenav1-aom	6	50587	8902189cba218f51ccc27cad4ae6548792f4c1b567e002f08027133cad78ae4f	libaom-c	6	50587	8902189cba218f51ccc27cad4ae6548792f4c1b567e002f08027133cad78ae4f	1
cid22_382297	photo	512	512	26	zenav1-aom	6	42949	7f2ac44ab8ed69d81a044d64449774b1e795cdc605e8274529acb2f09ae42d45	libaom-c	6	42949	7f2ac44ab8ed69d81a044d64449774b1e795cdc605e8274529acb2f09ae42d45	1
cid22_382297	photo	512	512	30	zenav1-aom	6	36376	4e088882a8434842f7817527730b4061401cee85abc0898c2ce10490b1f44942	libaom-c	6	36376	4e088882a8434842f7817527730b4061401cee85abc0898c2ce10490b1f44942	1
cid22_382297	photo	512	512	34	zenav1-aom	6	29951	403be5a560c5483fa988c6eceadbca3a96f68f1ee1337c07decc04741a3e1cd8	libaom-c	6	29951	403be5a560c5483fa988c6eceadbca3a96f68f1ee1337c07decc04741a3e1cd8	1
cid22_382297	photo	512	512	38	zenav1-aom	6	24160	3d66d0d5b16089a19498baf67a910348c8eecf61b8b62d48f40242d8636841cd	libaom-c	6	24160	3d66d0d5b16089a19498baf67a910348c8eecf61b8b62d48f40242d8636841cd	1
cid22_382297	photo	512	512	42	zenav1-aom	6	19314	a9a55e9451b45dc9adf69e57601b6205f31de35eed0cebc82637daa8d5cb87e2	libaom-c	6	19314	a9a55e9451b45dc9adf69e57601b6205f31de35eed0cebc82637daa8d5cb87e2	1
cid22_382297	photo	512	512	46	zenav1-aom	6	15197	ac456ec89b066706076bdee2114c3522898aedb4db7c530bcf0741c56cb9a7b2	libaom-c	6	15197	ac456ec89b066706076bdee2114c3522898aedb4db7c530bcf0741c56cb9a7b2	1
cid22_382297	photo	512	512	50	zenav1-aom	6	11708	dc2f990f9e64f17bcd567af3e8cc32165194c9dd26a901932ccbfd5160e1a442	libaom-c	6	11708	dc2f990f9e64f17bcd567af3e8cc32165194c9dd26a901932ccbfd5160e1a442	1
cid22_382297	photo	512	512	54	zenav1-aom	6	8885	1560c2e1a77111a716697139293e67e4d77631288aa1931c57480be70cde2c5b	libaom-c	6	8885	1560c2e1a77111a716697139293e67e4d77631288aa1931c57480be70cde2c5b	1
cid22_382297	photo	512	512	58	zenav1-aom	6	6288	ad3cd529ca56b06d5b8512b42fbb0461df620ae5aeb4ab59027c34513505c765	libaom-c	6	6288	ad3cd529ca56b06d5b8512b42fbb0461df620ae5aeb4ab59027c34513505c765	1
cid22_382297	photo	512	512	62	zenav1-aom	6	3285	7d18101826abd0a4db9f4b465da38126c6ffd82dda223556a31e2800caeb6010	libaom-c	6	3285	7d18101826abd0a4db9f4b465da38126c6ffd82dda223556a31e2800caeb6010	1
cid22_6292444	photo	512	512	10	zenav1-aom	6	30865	053da44e382def3cba82053c0581ac22742a1df884481003ded053521ab7666c	libaom-c	6	30950	8d6af626958f8080a275fe7f0139b2a3bed4e2da85cbdfbfa01f3c1c20bad79e	0
cid22_6292444	photo	512	512	14	zenav1-aom	6	25143	16f18685637f4b218a07e8f3124299ade6ac95a2cafb4b9c64cd06e5409f8e4a	libaom-c	6	25269	8ed625b72e9a304019ecf12e92832f8bf42d4259b027fc952d57059ff89ed545	0
cid22_6292444	photo	512	512	18	zenav1-aom	6	21368	4dda4dfa53307eacd35f479eaca1994927602eed64cccd6710cdeb6b09994874	libaom-c	6	21483	dad4b91d0cd39ba08599728a4e509d36fe5d12c8edf1ceba8fda6c1cca126178	0
cid22_6292444	photo	512	512	22	zenav1-aom	6	18671	ef6885969f51159185314b09d7af9c08f125b63371d54d189e99750f9149d3a0	libaom-c	6	18738	b08d2e4ab7fd59fe3db118d5e28264e34c0022f379cdc4963314f60387b275db	0
cid22_6292444	photo	512	512	26	zenav1-aom	6	15684	02264e046777121404b6f9fc00f7f0a7b2ad3a82431e13521ca1d112e461f3b8	libaom-c	6	15905	25a617a37c4753eb9ef02bcc1a2eb548d27a81656d67508a4e9073131003fc11	0
cid22_6292444	photo	512	512	30	zenav1-aom	6	13216	1a2d1f3fae05bd7690e749dfe88f886d2511051d35d569ad9b82ffe486dfe7c8	libaom-c	6	13285	56c93f78e0d4f59e590d5174f971db4c94934fbf0a57119a1933d47fba0325d5	0
cid22_6292444	photo	512	512	34	zenav1-aom	6	10774	de6a176fa1e9d9f1f8732009d4ab485071d662e8247761549b6ab50a4a883fec	libaom-c	6	10818	fcd093ca5109ec3c746d94ae3204257f550cdff812974a1d43e53e8e177e5503	0
cid22_6292444	photo	512	512	38	zenav1-aom	6	8592	ca6405bfc54a971e7937405e58d02b05a32ae526d4aee085dd7824c0fedee652	libaom-c	6	8645	d1a85efade8b281a29fc600ca4cde4ea2c1c677d5bb030690c86f3ffeebf7295	0
cid22_6292444	photo	512	512	42	zenav1-aom	6	6995	5b5149a4b5a160a7cd1331a63f7381a81474bc27a398a765acbf8523befe481f	libaom-c	6	7045	f691f293614606a6e6c4ddf3301bac5d096f63e8e04cddf5a92321f14dda0c39	0
cid22_6292444	photo	512	512	46	zenav1-aom	6	5552	05effc349a55895d0b23f7eb759b8abb593bb6b73f6316958bc1ada18d9b8f3a	libaom-c	6	5566	c4911db70bcc921aef559575250ff2862079f339b0b4fd55cb392f9713ab661e	0
cid22_6292444	photo	512	512	50	zenav1-aom	6	4408	dd8ca75b92605587aae21781143e29c7fdfb855729144dff64971b3c092ab9a3	libaom-c	6	4478	4a13175bb565e6c1542a8ec8b0042b79201bc8adf91a79017bdc8f9324a109e7	0
cid22_6292444	photo	512	512	54	zenav1-aom	6	3499	3336afbd49d70f185dd3696b421f2274f738c0cd240ec1ea93ce4dfad29d81ec	libaom-c	6	3547	0d03c95cbe252b16deb085a51de42eb52169ed60f13657781b7418df4e930b0c	0
cid22_6292444	photo	512	512	58	zenav1-aom	6	2595	57c00525553a81aa2b6d302db70da239bdc025837f350d93b82ea6ee1214df21	libaom-c	6	2662	d24d8e5f6de441ce020a295a0d110ff09597a00f1abd7037e8d8e2dd3901e12d	0
cid22_6292444	photo	512	512	62	zenav1-aom	6	1619	83d398608a87fe40089e9470129ddb3e22ebe84d052af4774941429350b97be7	libaom-c	6	1619	83d398608a87fe40089e9470129ddb3e22ebe84d052af4774941429350b97be7	1
clic_8426ed22	photo-hr	1024	1024	10	zenav1-aom	6	47758	7dc0ac728b64e4dc9f2cad7315d7a87883115a2af626cb07d367da9fe545426a	libaom-c	6	47758	7dc0ac728b64e4dc9f2cad7315d7a87883115a2af626cb07d367da9fe545426a	1
clic_8426ed22	photo-hr	1024	1024	14	zenav1-aom	6	35087	276fcad41ee6a0a642238495fecfbda2b24ea74ff2195a99f3300cbf46338df8	libaom-c	6	35087	276fcad41ee6a0a642238495fecfbda2b24ea74ff2195a99f3300cbf46338df8	1
clic_8426ed22	photo-hr	1024	1024	18	zenav1-aom	6	27382	2a85688e7d8e099312d5e621a3106e2ef11869dc8cced5604513811c4af0af80	libaom-c	6	27382	2a85688e7d8e099312d5e621a3106e2ef11869dc8cced5604513811c4af0af80	1
clic_8426ed22	photo-hr	1024	1024	22	zenav1-aom	6	22072	b62ffd770f16dedc9c88f7c6cf43ceb1ae255e78172d1b4d66a3064188511213	libaom-c	6	22072	b62ffd770f16dedc9c88f7c6cf43ceb1ae255e78172d1b4d66a3064188511213	1
clic_8426ed22	photo-hr	1024	1024	26	zenav1-aom	6	16941	dcabbc9a470c878ccf840519929aee74648054108d016d906b8441ccd59c6528	libaom-c	6	16941	dcabbc9a470c878ccf840519929aee74648054108d016d906b8441ccd59c6528	1
clic_8426ed22	photo-hr	1024	1024	30	zenav1-aom	6	12751	5191d31ed34e751f34e2a613846b57a89d2b2eb20e4bab7825391ddb89a0c454	libaom-c	6	12751	5191d31ed34e751f34e2a613846b57a89d2b2eb20e4bab7825391ddb89a0c454	1
clic_8426ed22	photo-hr	1024	1024	34	zenav1-aom	6	9442	4fb91a880a4b8b84e22d7e456305b7e4aa146639787422ed145690b3baf7e9f0	libaom-c	6	9442	4fb91a880a4b8b84e22d7e456305b7e4aa146639787422ed145690b3baf7e9f0	1
clic_8426ed22	photo-hr	1024	1024	38	zenav1-aom	6	6967	c8249e8ce170fb7bb169e87a9796df9ca3395404a8ebf8127bdc5aded5299a78	libaom-c	6	6967	c8249e8ce170fb7bb169e87a9796df9ca3395404a8ebf8127bdc5aded5299a78	1
clic_8426ed22	photo-hr	1024	1024	42	zenav1-aom	6	5200	9e931f60e5757ce55e7347a51e929bcfaaa2ceb44c7c660ac63a40ef446e9226	libaom-c	6	5200	9e931f60e5757ce55e7347a51e929bcfaaa2ceb44c7c660ac63a40ef446e9226	1
clic_8426ed22	photo-hr	1024	1024	46	zenav1-aom	6	3934	ea66a5b9c611509f4032302c43deedeed30f2ad071372f9b66f206a565d5b63c	libaom-c	6	3934	ea66a5b9c611509f4032302c43deedeed30f2ad071372f9b66f206a565d5b63c	1
clic_8426ed22	photo-hr	1024	1024	50	zenav1-aom	6	2957	ca19a2db1cede646ee8f964b4836fa90c88a1937c2c4cf3fd39ed3d11937453f	libaom-c	6	2957	ca19a2db1cede646ee8f964b4836fa90c88a1937c2c4cf3fd39ed3d11937453f	1
clic_8426ed22	photo-hr	1024	1024	54	zenav1-aom	6	2310	f57715208383e7701f78057617f7e81ecfd2000b86408483547148900a7e413d	libaom-c	6	2310	f57715208383e7701f78057617f7e81ecfd2000b86408483547148900a7e413d	1
clic_8426ed22	photo-hr	1024	1024	58	zenav1-aom	6	1773	2f77ad0a48628fd31d7299af3f95bfd7819db4d4657ee94291392a9580fe7060	libaom-c	6	1773	2f77ad0a48628fd31d7299af3f95bfd7819db4d4657ee94291392a9580fe7060	1
clic_8426ed22	photo-hr	1024	1024	62	zenav1-aom	6	1202	07df4390d1e175b327ab1200787fe40f54c56c980f3ee9d02100b2a21975562b	libaom-c	6	1202	07df4390d1e175b327ab1200787fe40f54c56c980f3ee9d02100b2a21975562b	1
clic_ebfd571f	photo-hr	1024	1024	10	zenav1-aom	6	113478	a3fd56beea54f915482bd8dd1e07e2bf5be1ccd2eedc6369bc0f393b45963a12	libaom-c	6	113478	a3fd56beea54f915482bd8dd1e07e2bf5be1ccd2eedc6369bc0f393b45963a12	1
clic_ebfd571f	photo-hr	1024	1024	14	zenav1-aom	6	101749	2b970ffeec13c7745e4025392d4022da9550b4b40de7805c08761272b92bf040	libaom-c	6	101749	2b970ffeec13c7745e4025392d4022da9550b4b40de7805c08761272b92bf040	1
clic_ebfd571f	photo-hr	1024	1024	18	zenav1-aom	6	93140	0f97100095ef4c32fe155303094939681bbab64c0f199f027fd217b7fe2a55f6	libaom-c	6	93140	0f97100095ef4c32fe155303094939681bbab64c0f199f027fd217b7fe2a55f6	1
clic_ebfd571f	photo-hr	1024	1024	22	zenav1-aom	6	86410	702c99e84435ee7efe2fbe9648bf84d3fe37e01d7fbfc77f2d0f55dee422e730	libaom-c	6	86410	702c99e84435ee7efe2fbe9648bf84d3fe37e01d7fbfc77f2d0f55dee422e730	1
clic_ebfd571f	photo-hr	1024	1024	26	zenav1-aom	6	78163	d3ae4403bdac68263b54365ff2ed3ad4b4d31bcf196b39641c612e9415b7767c	libaom-c	6	78163	d3ae4403bdac68263b54365ff2ed3ad4b4d31bcf196b39641c612e9415b7767c	1
clic_ebfd571f	photo-hr	1024	1024	30	zenav1-aom	6	69877	6fb57b758db14aa96a2d862dbc32654ecfb5eb51d1bda3d88cfd49e616204bf5	libaom-c	6	69877	6fb57b758db14aa96a2d862dbc32654ecfb5eb51d1bda3d88cfd49e616204bf5	1
clic_ebfd571f	photo-hr	1024	1024	34	zenav1-aom	6	60823	7f2d9dd420dde2fefc59fd77a150a08b513b703202200965786521defd546ae5	libaom-c	6	60823	7f2d9dd420dde2fefc59fd77a150a08b513b703202200965786521defd546ae5	1
clic_ebfd571f	photo-hr	1024	1024	38	zenav1-aom	6	51815	44368e35a1b0652f9915513d7d3ca1d3c7206b52ce9132201b05e1e9d7c175b8	libaom-c	6	51815	44368e35a1b0652f9915513d7d3ca1d3c7206b52ce9132201b05e1e9d7c175b8	1
clic_ebfd571f	photo-hr	1024	1024	42	zenav1-aom	6	42911	85f9fbd10825b3accc4fef98055ef633eb3441569bf378acaf85e9682bb92395	libaom-c	6	42911	85f9fbd10825b3accc4fef98055ef633eb3441569bf378acaf85e9682bb92395	1
clic_ebfd571f	photo-hr	1024	1024	46	zenav1-aom	6	33466	a9a2f4dd6528b575be6e2bdb42f93b70f284a1e420ddf79fec50cdaef939fc87	libaom-c	6	33466	a9a2f4dd6528b575be6e2bdb42f93b70f284a1e420ddf79fec50cdaef939fc87	1
clic_ebfd571f	photo-hr	1024	1024	50	zenav1-aom	6	25088	02b5d1445714b25258592d13f9c499348de26387b4b745dc9b5592ec5081a836	libaom-c	6	25088	02b5d1445714b25258592d13f9c499348de26387b4b745dc9b5592ec5081a836	1
clic_ebfd571f	photo-hr	1024	1024	54	zenav1-aom	6	16598	dec082a98a2693f8c007cdcea9809d524f8730db9afde5a2c20177d552ba3845	libaom-c	6	16598	dec082a98a2693f8c007cdcea9809d524f8730db9afde5a2c20177d552ba3845	1
clic_ebfd571f	photo-hr	1024	1024	58	zenav1-aom	6	8985	855e8b47a74f8eeb7dd5ae82d5537d8328263f864727afcb66bb283d5c3d3df7	libaom-c	6	8985	855e8b47a74f8eeb7dd5ae82d5537d8328263f864727afcb66bb283d5c3d3df7	1
clic_ebfd571f	photo-hr	1024	1024	62	zenav1-aom	6	2767	3d2e2bb0722e9c636f0db70a3f1ec9de2b36387047e22d4a7c51869fd9d75a43	libaom-c	6	2767	3d2e2bb0722e9c636f0db70a3f1ec9de2b36387047e22d4a7c51869fd9d75a43	1
sc_imac_dark	screen	1024	1024	10	zenav1-aom	6	113833	90dfe3d696eb14920b5bd10e112c44f2b1faecceef50fc13c0e7c8bf4d06c574	libaom-c	6	44900	95469d8b2f28d432906a05ab9dca721a365d7003639b55f686ea3553b180fdbb	0
sc_imac_dark	screen	1024	1024	14	zenav1-aom	6	103794	147ba800610ebcecb114e6e64d810c8abe34a0604fd4dc82ba09be30faa6d516	libaom-c	6	40283	66ae243aa0596bfca99fe178a5d869772734d4d564383d2ab433e867cba1acbd	0
sc_imac_dark	screen	1024	1024	18	zenav1-aom	6	96530	c188d464a5603f9038877a4680606d76043a1b17e8bc295c3c0cd3c2dd892577	libaom-c	6	36891	2d3aad794cb682413f84948ca096f772a78e84c101f629a6095a4e8cf939d979	0
sc_imac_dark	screen	1024	1024	22	zenav1-aom	6	90600	c1d2dc6f735ee21f593374d7ef01799f92a7111e2379db757bfee7f63be30b4b	libaom-c	6	34778	12cc590605e1943a22580cc5ce813b558ecb5c7ce38ddfc9629ad3369a63508e	0
sc_imac_dark	screen	1024	1024	26	zenav1-aom	6	83687	90c636c0bc706495283a58ddc84096d43bdf9b1ecfc614c2a62b6d5de21667c1	libaom-c	6	32436	51e08dd3792fa2bca23fcdd065758b3b4368c3a105fe51a7389435e1f0f7cf0a	0
sc_imac_dark	screen	1024	1024	30	zenav1-aom	6	77168	9d3144a1f382e2dd5cfce9e5b34a5de2ad29c11587dfc65cd6896eae142f700d	libaom-c	6	30719	96f5199d99fa55d54f639cc802886722ec7882d98a27a1441198115916026996	0
sc_imac_dark	screen	1024	1024	34	zenav1-aom	6	69790	da8d0406ce5d509645811b1345423c3b4aa1981d4e3984365754c018155cd1c2	libaom-c	6	29176	2986d2004fef2573300074ff598d3c1ed17f89cb88385e99b08cb55e67e9ed98	0
sc_imac_dark	screen	1024	1024	38	zenav1-aom	6	61678	eafe69f91795564687792327e74c951549abfffbb3d551f836dee1062213e1f7	libaom-c	6	27603	f1f549ba952822e4a2ea15df5af02dcdf43cdc7183e0c7c34ad6d1f495086755	0
sc_imac_dark	screen	1024	1024	42	zenav1-aom	6	54373	3a8e6a8cb212af346ccca6b29eab677ec8ad83d50eade544040c712d459c0944	libaom-c	6	25938	1ef6e16c22946bbfa09fd3a499c14df8fd4c9210798514bb297a00eb9a82f901	0
sc_imac_dark	screen	1024	1024	46	zenav1-aom	6	46849	af58c02421c3115f9726a9e0401ab60fc2467cfc3975973580a14a9fe7a25c00	libaom-c	6	24378	8b9f8457c8cc0f662d581854941c375b376dd376c3abc0480c5e81b4bacc4166	0
sc_imac_dark	screen	1024	1024	50	zenav1-aom	6	38967	7cfbae1cbaf2eb4224673a32184bdfb78f23c563ebdafd24957e295786be0283	libaom-c	6	21986	e1d00c0a0b8a522b876173e6d2a94e68999f5b11aaa222c814c81616370ec33b	0
sc_imac_dark	screen	1024	1024	54	zenav1-aom	6	31145	b9aea952b63abf2a2a044387366a20a7b47fd650dd8c09575ba128331a68b479	libaom-c	6	19499	869059fc90f433d609911094804e6597149ee1a049917d97fb4bc822de1a70e4	0
sc_imac_dark	screen	1024	1024	58	zenav1-aom	6	23759	6b8201f5627abf24e39381631cf9fdba3c0c90f7208ccd3dde26db4330f6e5a9	libaom-c	6	16491	2f6432a14dcd47a2066fe54922ada582999b8387952a9310621272f263c90f9f	0
sc_imac_dark	screen	1024	1024	62	zenav1-aom	6	15950	b48f3051ee9c850d04065c7540a6032fffafc1723ca30fb88a43f2beab674182	libaom-c	6	13292	c457b033462c4861eabd9ac6ed092d64915e73fa8a9561193ffb6b6a999f60e0	0
sc_terminal	screen	1024	1024	10	zenav1-aom	6	66262	a76e7a097def37581ac6a87ccabb41ff647f87a9795cf753da7681d4b10c8601	libaom-c	6	23673	d364eb0b09ffc7f4b900ff79d76b7e66dfd6dbbe1302f11e12735658ed33404f	0
sc_terminal	screen	1024	1024	14	zenav1-aom	6	60524	d66d068333638f8b85f92068fbca115bfb39e97d2c0bdebef4c0c1d9282efc27	libaom-c	6	21232	9f939461767f336e5c35ccf28d84b6fd1203cf29c866131b1e3b3aa89d1f2382	0
sc_terminal	screen	1024	1024	18	zenav1-aom	6	56372	e149bf1a26ee4b24bba79055c46ee8e64f1f25bbb24af78a0578040861986b41	libaom-c	6	19536	94b3db1d124751bd9b222a0617990e8491bcf47a0edaca164d379b5756cbdbf9	0
sc_terminal	screen	1024	1024	22	zenav1-aom	6	53011	d550dd600a16e498a661922d6a1e2542f041a92846b93895253df16037cff30d	libaom-c	6	18337	801bbc30b4667ca96460359461b4b08d9bce4e7d0733eac9e55e5975fb040969	0
sc_terminal	screen	1024	1024	26	zenav1-aom	6	48904	8ee98ff38cb51e3622af54eff60e34219f5d4262f2d5d9cd28f4b98097ed7890	libaom-c	6	17403	752d999f3e6751bab0c596e20f6b350766073f5d2c03e51ea4c4f13629a16a9b	0
sc_terminal	screen	1024	1024	30	zenav1-aom	6	44666	4e651dc48e1ec5db2f8d5e83229348fcf5c5b466a811d8f909f6e80f35d59b4b	libaom-c	6	16631	f6af29223a8c52bb79858f3935af997417d9e01eeee14311a1bc0be5e7bc874c	0
sc_terminal	screen	1024	1024	34	zenav1-aom	6	39837	871bcc7969a17593770a98724e359afdd958ac8646b331880a7b44e345d1977b	libaom-c	6	15993	b50f15ba2bb76abef4839acc2f888e7755f527a7cbfb9de77dccb00fa57502bb	0
sc_terminal	screen	1024	1024	38	zenav1-aom	6	34679	d6657485fbcc49955f0d6dd2c2d79faf529ea3b93317f757a3783705a2ab9309	libaom-c	6	15493	d8127fadb939b41400113c86b1b5e17180de0ab4be68579908eb3c41af2c526d	0
sc_terminal	screen	1024	1024	42	zenav1-aom	6	29781	d6dfdcf1a0d7c6f77705b58091919a649765c6a7d984ced6d060be351c221288	libaom-c	6	14670	af67452b7dffd8d38164c7a2e942a65faaba6553787df3d2117c7d681c1a0591	0
sc_terminal	screen	1024	1024	46	zenav1-aom	6	24229	eef3e0b510644049262d0a3f1f16e011268f13aeb78f98e0ae1af720ecff91bc	libaom-c	6	13306	a3a367dad619fbc4fa3f1bacd52851d607ac4fbd3fdb884dd3d2a324219ef171	0
sc_terminal	screen	1024	1024	50	zenav1-aom	6	19786	cd3557b3e85fa430b047fe00cac1e81e99aa89a9b1f3682ca40eb6b2cbb09d2d	libaom-c	6	11960	c5383f567f03d090316b487e14256a9f8b9f37cc6056fa985c4e5af846cce002	0
sc_terminal	screen	1024	1024	54	zenav1-aom	6	15953	18a602ce4b8d576491df6281c5dd8a5b5eac810ec0f1f3958fc1ff37345b86ab	libaom-c	6	10414	df304a553a8d0fa4a91dba1f7c1536c0bf577fa40db43db0aa898bde7505d21a	0
sc_terminal	screen	1024	1024	58	zenav1-aom	6	12493	fd5048f27ce33c89293dbcac1ae7bcc112cbb5bf55360e0a32c666d058def11a	libaom-c	6	8476	a275850a93b0d2a6ac84d1e7fe241590cdb4fc939d44cee8c3cab2b378e0fb3b	0
sc_terminal	screen	1024	1024	62	zenav1-aom	6	8472	8dc7b2d91bc463e35804ec977f5f55dc380510259e9bbcc1057af5f19ce82d2f	libaom-c	6	6915	f80e9d30953627d2b84dfe1cfc2d7de74d45362dc829e4e4a90e79843a67a8d8	0
sc_codec_wiki	screen	1024	1024	10	zenav1-aom	6	13596	43662dd1edd067f50c01721bc942057d4438bbe73e58587c94f390f0d0dd9156	libaom-c	6	10083	706e15db703e7c79a7041b4800dd15a171fbcb0b67309750b3206826bbd56502	0
sc_codec_wiki	screen	1024	1024	14	zenav1-aom	6	12088	7f13359c7b631deb29189e6eeae694caf6b962dd79e0ede389c5b315bb211d60	libaom-c	6	9363	bd02ce01a3e4f44d87c8098f15170bb028a3db013d03854f87b936d1c0f0fe6a	0
sc_codec_wiki	screen	1024	1024	18	zenav1-aom	6	10983	870a52389ba4aa97753b07e6515534b264449d832ed08b63a6c5743ec2457639	libaom-c	6	8695	712a959ee0d553a11397421af34c26b9b42b61bbe8ddd6d0f14fd351732f03d5	0
sc_codec_wiki	screen	1024	1024	22	zenav1-aom	6	10188	0f6a1d0ad35e7c0e0954e3bf1c55a205f1aab16551f33e43da80a9b034322760	libaom-c	6	8374	7d9637fb2e6b80aec6f7828d94afd54757e9662a691a25e4044a75dcbf30c6e8	0
sc_codec_wiki	screen	1024	1024	26	zenav1-aom	6	9135	b014b5c55677b385372efedb8952c14c429476a58ea842feb11544fa57069452	libaom-c	6	7981	fe2531d8b2e611a88910fc0ef5cef6aa5fbf266fa35d99821137ee0ddc0e0f5c	0
sc_codec_wiki	screen	1024	1024	30	zenav1-aom	6	8185	a790c2e38b24bffb165124c77c7537aaa90a4c1ad632b512e1c28adcdb88db63	libaom-c	6	7530	88b48905b78a6d89792af8eb39be3ee16a5381bb978e4aa0822d6bde9b686fad	0
sc_codec_wiki	screen	1024	1024	34	zenav1-aom	6	7137	da464e2148db94b16fcc74c2daa2a29d5673255c8e70b0da8e144a4f34271ca3	libaom-c	6	6814	15b34b001941ebf60be831056736beda01fcee790c3a5aa7953c79e05cabbc79	0
sc_codec_wiki	screen	1024	1024	38	zenav1-aom	6	6096	259e19a5509c293228fb7f7ade637ecae8ae94d601735e43b0bb2a407e2004e0	libaom-c	6	5909	4f9f81fa028d06bfe9967fb33c0f471ff51109525da02256ec5bde224d7e5a5d	0
sc_codec_wiki	screen	1024	1024	42	zenav1-aom	6	5338	96466216dd5a3dcc86897fb2f649883d107cfd6b6e294e0710540d8e08cba30e	libaom-c	6	5037	ef3b464ce14aaedbd59ba42c0c4fe67da3e96d565e20c9511af4444abb3bf5de	0
sc_codec_wiki	screen	1024	1024	46	zenav1-aom	6	4510	a56ddb88b102ebd2e5ba41c130a9bc6a4d19f9c467a0de8b323f394a1d8c34b9	libaom-c	6	4656	e74e4e6bea0e153a46873df3350a7c7e86a24b6c89f4b097e64cdf793ac9f994	0
sc_codec_wiki	screen	1024	1024	50	zenav1-aom	6	3881	10ef44ad0326736e5754a0d216f2dc0f0c236449fb2def080004345062cd7587	libaom-c	6	4239	7ca85199cd09a5368d841329497f264265caba7dc5feac200c85d5511178633f	0
sc_codec_wiki	screen	1024	1024	54	zenav1-aom	6	3308	706e5427312037f7dc20cf9cbe933df98dd1bcdc91eea102d0b566dd0e068cce	libaom-c	6	3549	5713cbc2fd6024488a8b02c29839c8a26d67899559f2beb61cb9ada2c534c849	0
sc_codec_wiki	screen	1024	1024	58	zenav1-aom	6	2636	6faebc9489b77e0602882a53d7f0dafabcfcd31b923cad8b70ffdeb14e5a4da7	libaom-c	6	2822	a0b409d3956bb5e25e566487ace18f1d710caee99cee6486d1eefe02e47f7296	0
sc_codec_wiki	screen	1024	1024	62	zenav1-aom	6	1938	a0c24e51c85954d947e7ed00acd33ff749fda2e515cf3a8733f52e9a35f50da0	libaom-c	6	1971	25c90a173e11879c220ffcdd7caf449ff7938429621c32174d3514a951e9acc1	0
